AMDuProfPcm Report,,,,,,,,,,,,,,,,,,,,,,,,,,,,,,,,,,,,,,
,,,,,,,,,,,,,,,,,,,,,,,,,,,,,,,,,,,,,,
Processor Name:,AMD Ryzen 5 7600 6-Core Processor              ,,,,,,,,,,,,,,,,,,,,,,,,,,,,,,,,,,,,,
System:,Family(0x19) Model(0x61) Stepping(0x2),,,,,,,,,,,,,,,,,,,,,,,,,,,,,,,,,,,,,
Operating System:,Linux 6.14.0-33-generic,,,,,,,,,,,,,,,,,,,,,,,,,,,,,,,,,,,,,
Number of Sockets :,1,,,,,,,,,,,,,,,,,,,,,,,,,,,,,,,,,,,,,
Number of Core Complexes(CCX) :,1,,,,,,,,,,,,,,,,,,,,,,,,,,,,,,,,,,,,,
Number of Cores :,6,,,,,,,,,,,,,,,,,,,,,,,,,,,,,,,,,,,,,
Number of Threads :,12,,,,,,,,,,,,,,,,,,,,,,,,,,,,,,,,,,,,,
SMT Enabled in HW:,TRUE,,,,,,,,,,,,,,,,,,,,,,,,,,,,,,,,,,,,,
SMT Enabled by OS :,TRUE,,,,,,,,,,,,,,,,,,,,,,,,,,,,,,,,,,,,,
,,,,,,,,,,,,,,,,,,,,,,,,,,,,,,,,,,,,,,
CPU Topology:,,,,,,,,,,,,,,,,,,,,,,,,,,,,,,,,,,,,,,
Socket, CCX, Core(s),,,,,,,,,,,,,,,,,,,,,,,,,,,,,,,,,,,,
0,0, 0 1 2 3 4 5 6 7 8 9 10 11,,,,,,,,,,,,,,,,,,,,,,,,,,,,,,,,,,,,
,,,,,,,,,,,,,,,,,,,,,,,,,,,,,,,,,,,,,,
Core P0 state frequency (MHz):,3801,,,,,,,,,,,,,,,,,,,,,,,,,,,,,,,,,,,,,
Multiplex interval for core (ms):,1,,,,,,,,,,,,,,,,,,,,,,,,,,,,,,,,,,,,,
Multiplex interval for l3 (ms):,1,,,,,,,,,,,,,,,,,,,,,,,,,,,,,,,,,,,,,
Multiplex interval for df (ms):,1,,,,,,,,,,,,,,,,,,,,,,,,,,,,,,,,,,,,,
Sample interval (ms):,1000,,,,,,,,,,,,,,,,,,,,,,,,,,,,,,,,,,,,,
Data Collection Driver:,Linux Perf Driver,,,,,,,,,,,,,,,,,,,,,,,,,,,,,,,,,,,,,
NMI Watchdog Enabled:,0,,,,,,,,,,,,,,,,,,,,,,,,,,,,,,,,,,,,,
Version:,5.0.0,,,,,,,,,,,,,,,,,,,,,,,,,,,,,,,,,,,,,
,,,,,,,,,,,,,,,,,,,,,,,,,,,,,,,,,,,,,,
Hypervisor Info:,,,,,,,,,,,,,,,,,,,,,,,,,,,,,,,,,,,,,,
Hypervisor Enabled:,FALSE,,,,,,,,,,,,,,,,,,,,,,,,,,,,,,,,,,,,,
Command:,"AMDuProfPcm -m ipc,fp,l1,l2,l3 -d 300 -o ../RF/AMDC_AMDS_micro_performance_rf.csv -- ../RF/client",,,,,,,,,,,,,,,,,,,,,,,,,,,,,,,,,,,,,
,,,,,,,,,,,,,,,,,,,,,,,,,,,,,,,,,,,,,,
Abbreviation :,,,,,,,,,,,,,,,,,,,,,,,,,,,,,,,,,,,,,,
IPC    : Instructions Per CPU Cycle,,,,,,,,,,,,,,,,,,,,,,,,,,,,,,,,,,,,,,
CPI    : CPU Cycles Per Instructions,,,,,,,,,,,,,,,,,,,,,,,,,,,,,,,,,,,,,,
pti    : Per Thousand Instructions,,,,,,,,,,,,,,,,,,,,,,,,,,,,,,,,,,,,,,
ptc    : Per Thousand CPU Cycles,,,,,,,,,,,,,,,,,,,,,,,,,,,,,,,,,,,,,,
"Topdown metrics are reported in ""% slots""",,,,,,,,,,,,,,,,,,,,,,,,,,,,,,,,,,,,,,
,,,,,,,,,,,,,,,,,,,,,,,,,,,,,,,,,,,,,,
Profile Time: 2025/10/25 17:36:06:912,,,,,,,,,,,,,,,,,,,,,,,,,,,,,,,,,,,,,,
CORE METRICS,,,,,,,,,,,,,,,,,,,,,,,,,,,,,,,,,,,L3 METRICS,,,
System (Aggregated),,,,,,,,,,,,,,,,,,,,,,,,,,,,,,,,,,,System (Aggregated),,,
Utilization (%),System time (%),User time (%),System instructions (%),User instructions (%),Eff Freq (MHz),IPC (Sys + User),IPC (Sys),IPC (User),CPI (Sys + User),CPI (Sys),CPI (User),Giga Instructions Per Sec,Locked Instructions (pti),Retired Branches (pti),Retired Branches Mispredicted (pti),Retired SSE/AVX Flops(GFLOPs),FP Dispatch Faults (pti),IC Fetch Miss Ratio,Op Cache Fetch Miss Ratio,IC Access (pti),IC Miss (pti),DC Access (pti),L2 Access (pti),L2 Access from IC Miss (pti),L2 Access from DC Miss (pti),L2 Access from L2 HWPF (pti),L2 Miss (pti),L2 Miss from IC Miss (pti),L2 Miss from DC Miss (pti),L2 Miss from L2 HWPF (pti),L2 Hit (pti),L2 Hit from IC Miss (pti),L2 Hit from DC Miss (pti),L2 Hit from L2 HWPF (pti),L3 Access,L3 Miss,L3 Miss %,Ave L3 Miss Latency (ns)
11.61,9.92,86,1.3,98.7,4516.86,2.74,0.35,3.02,0.37,2.9,0.33,16.53,0,201.04,1.29,0.01,0,0.18,0.03,9.87,1.79,471.79,2.66,1.47,0.89,0.18,0.23,0.05,0.07,0.11,2.13,1.35,0.72,0.06,7083710,3871197,54.65,111.4
99.96,2.51,97.03,0.68,99.32,4858.95,2.05,0.55,2.09,0.49,1.81,0.48,119.09,0,200.89,1.11,0.08,0,0.23,0.02,5.16,1.18,444.62,6.84,0.83,5.87,0.14,0.15,0.02,0.04,0.1,6.65,0.82,5.78,0.05,26251080,16711767,63.66,111.82
99.96,2.42,97.12,0.66,99.34,4833.23,2.06,0.56,2.09,0.49,1.79,0.48,118.64,0,200.82,1.1,0.08,0,0.23,0.02,5.13,1.16,444.52,6.85,0.82,5.87,0.14,0.15,0.01,0.04,0.1,6.66,0.81,5.8,0.04,24667069,14761633,59.84,115.23
99.96,2.3,97.24,0.63,99.37,4825.57,2.06,0.56,2.09,0.49,1.78,0.48,118.59,0,200.89,1.1,0.08,0,0.23,0.02,5.16,1.19,444.59,6.83,0.85,5.85,0.13,0.14,0.01,0.03,0.1,6.67,0.84,5.79,0.04,23027910,12598959,54.71,113.81
99.96,2.45,97.09,0.7,99.3,4825.52,2.05,0.58,2.09,0.49,1.72,0.48,118.19,0,200.31,1.11,0.08,0,0.22,0.02,5.39,1.2,446.34,6.83,0.85,5.84,0.14,0.15,0.01,0.03,0.11,6.66,0.84,5.79,0.03,24362895,12838952,52.7,115.96
99.96,2.33,97.21,0.67,99.33,4821.98,2.04,0.58,2.07,0.49,1.72,0.48,117.42,0,199.5,1.08,0.08,0,0.21,0.02,5.99,1.25,453.3,6.63,0.85,5.52,0.24,0.16,0.01,0.03,0.12,6.44,0.86,5.47,0.12,25235888,12849009,50.92,113.91
99.95,2.82,96.69,0.9,99.1,4824.51,1.95,0.62,1.99,0.51,1.62,0.5,112.47,0,194.7,1,0.06,0,0.17,0.02,7.12,1.23,482.38,6.26,0.81,4.89,0.55,0.23,0.02,0.03,0.18,6,0.8,4.82,0.38,34252675,18534219,54.11,113.63
99.86,4.83,94.42,2.18,97.82,4849.72,1.54,0.69,1.58,0.65,1.45,0.63,88.79,0,165.54,0.58,0,0,0.04,0.02,7.76,0.27,653.43,5.78,0.25,3.11,2.46,0.66,0.03,0.08,0.55,5.02,0.22,2.89,1.91,76521614,48628027,63.55,114.36
99.88,4.88,94.4,2.24,97.76,4849.44,1.53,0.7,1.58,0.65,1.43,0.63,88.52,0,164.7,0.64,0,0,0.04,0.02,7.92,0.3,658.03,5.67,0.26,3.05,2.38,0.68,0.03,0.07,0.58,4.85,0.23,2.82,1.8,77847970,49998935,64.23,115.05
99.86,11.02,88.02,4.95,95.05,4852.62,1.52,0.68,1.63,0.66,1.48,0.61,87.67,0,145.09,1.35,0,0,0.03,0.04,14.22,0.36,663.29,5.85,0.33,3.75,1.78,1.25,0.06,0.14,1.05,4.31,0.28,3.29,0.74,142281216,120465887,84.67,149.18
99.89,1.86,97.59,0.86,99.14,4834.46,1.39,0.63,1.4,0.72,1.58,0.71,79.92,0,162.74,1.04,0.01,0,0.04,0.01,4.93,0.18,771.31,2.77,0.12,1.44,1.17,0.95,0.04,0.07,0.84,1.78,0.09,1.36,0.33,86230687,44030056,51.06,114.99
99.94,0.35,99.13,0.13,99.87,4827.93,1.38,0.52,1.38,0.73,1.93,0.72,79.42,0,165.68,0.93,0,0,0.04,0.01,3.24,0.13,788.69,2.38,0.07,1.14,1.16,0.89,0.04,0.06,0.8,1.46,0.04,1.06,0.36,77777034,31428439,40.41,100.51
99.95,0.37,99.11,0.14,99.86,4831.01,1.37,0.51,1.38,0.73,1.96,0.73,79.22,0,165.82,0.95,0.01,0,0.04,0.01,3.3,0.14,783.88,2.35,0.07,1.14,1.13,0.86,0.03,0.05,0.78,1.43,0.04,1.05,0.35,76410545,31068085,40.66,101.18
99.94,0.4,99.08,0.14,99.86,4826.66,1.38,0.48,1.38,0.73,2.08,0.72,79.41,0,165.8,0.91,0,0,0.04,0.01,3.18,0.12,787.01,2.33,0.07,1.16,1.13,0.86,0.03,0.05,0.78,1.4,0.04,1.02,0.35,77939742,32179351,41.29,100.97
99.94,0.42,99.07,0.15,99.85,4830.18,1.38,0.49,1.38,0.72,2.05,0.72,79.6,0,165.93,0.94,0,0,0.04,0.01,3.07,0.12,786.9,2.32,0.07,1.15,1.13,0.87,0.03,0.05,0.79,1.43,0.04,1.04,0.35,78776941,32112807,40.76,101.26
99.94,0.35,99.13,0.13,99.87,4825.4,1.37,0.51,1.38,0.73,1.97,0.73,79.1,0,165.65,0.93,0.02,0,0.04,0.01,3.24,0.14,784.55,2.33,0.06,1.15,1.11,0.84,0.03,0.05,0.76,1.45,0.04,1.06,0.35,78072056,32133580,41.16,102
99.93,0.37,99.09,0.14,99.86,4829.13,1.38,0.5,1.39,0.72,1.99,0.72,79.61,0,165.91,0.94,0,0,0.04,0.01,3.11,0.11,785.54,2.29,0.07,1.17,1.12,0.86,0.03,0.05,0.77,1.45,0.05,1.05,0.35,77245830,32344990,41.87,100.85
99.94,0.36,99.1,0.14,99.86,4822.28,1.38,0.51,1.38,0.72,1.95,0.72,79.43,0,165.78,0.9,0,0,0.04,0.01,3.13,0.12,786.33,2.36,0.07,1.09,1.15,0.88,0.03,0.05,0.79,1.47,0.04,1.07,0.36,77879887,32317701,41.5,100.96
99.94,0.37,99.1,0.14,99.86,4823.45,1.38,0.51,1.38,0.73,1.98,0.72,79.18,0,165.79,0.91,0.01,0,0.04,0.01,3.23,0.14,783.97,2.32,0.07,1.1,1.12,0.85,0.04,0.05,0.77,1.4,0.04,1.01,0.36,76804634,31690893,41.26,101.22
99.94,0.4,99.07,0.14,99.86,4825.69,1.38,0.48,1.38,0.72,2.06,0.72,79.44,0,165.89,0.9,0,0,0.05,0.01,3.2,0.15,786.52,2.48,0.07,1.08,1.19,0.9,0.03,0.05,0.82,1.46,0.04,1.05,0.37,77969351,32308958,41.44,100.99
99.94,0.34,99.12,0.13,99.87,4826.53,1.38,0.53,1.38,0.72,1.89,0.72,79.44,0,165.9,0.92,0.01,0,0.04,0.01,3.22,0.13,782.71,2.39,0.06,1.1,1.16,0.89,0.03,0.05,0.81,1.43,0.04,1.04,0.35,76762133,31647815,41.23,101.24
99.94,0.35,99.11,0.13,99.87,4821.24,1.38,0.52,1.38,0.72,1.93,0.72,79.44,0,165.73,0.94,0,0,0.04,0.01,3.15,0.13,787.48,2.41,0.07,1.12,1.17,0.89,0.03,0.06,0.8,1.5,0.04,1.09,0.37,78240361,33146404,42.36,101.47
99.94,0.39,99.09,0.14,99.86,4827.92,1.38,0.49,1.38,0.72,2.04,0.72,79.56,0,165.86,0.93,0,0,0.04,0.01,3.1,0.12,787.2,2.33,0.07,1.13,1.14,0.87,0.03,0.06,0.78,1.46,0.04,1.06,0.35,76827753,32025587,41.68,101.09
99.77,0.35,99.12,0.13,99.87,4829.65,1.38,0.52,1.38,0.73,1.94,0.72,79.22,0,165.8,0.9,0.02,0,0.04,0.01,3.34,0.13,784.05,2.34,0.07,1.12,1.13,0.88,0.04,0.06,0.78,1.44,0.05,1.04,0.35,76682293,31421936,40.98,101.15
99.94,0.35,99.13,0.13,99.87,4825.92,1.38,0.51,1.38,0.72,1.97,0.72,79.54,0,165.84,0.88,0,0,0.03,0.01,3.09,0.09,785.8,2.35,0.08,1.17,1.14,0.89,0.04,0.06,0.79,1.47,0.06,1.05,0.35,78306869,31094440,39.71,100.44
99.94,0.44,99.04,0.16,99.84,4824.51,1.38,0.5,1.39,0.72,1.98,0.72,79.59,0,165.92,0.92,0,0,0.03,0.01,3.04,0.08,786.14,2.37,0.06,1.17,1.16,0.88,0.03,0.05,0.8,1.41,0.04,1.02,0.36,76347937,30537085,40,99.56
99.94,0.83,98.65,0.36,99.64,4826.17,1.38,0.59,1.38,0.73,1.69,0.72,79.25,0,165.79,0.98,0.01,0,0.04,0.01,3.96,0.15,779.68,2.48,0.16,1.19,1.14,0.9,0.04,0.07,0.79,1.48,0.07,1.06,0.35,80363889,33613068,41.83,101.16
99.94,0.45,99.04,0.15,99.85,4825.69,1.38,0.47,1.38,0.72,2.12,0.72,79.49,0,165.66,0.9,0,0,0.03,0.01,3.02,0.09,786.68,2.4,0.07,1.15,1.17,0.88,0.03,0.06,0.79,1.45,0.04,1.03,0.38,75288955,30351339,40.31,99.54
99.94,0.35,99.13,0.13,99.87,4824.67,1.38,0.52,1.39,0.72,1.92,0.72,79.64,0,165.95,0.91,0.01,0,0.03,0.01,3.09,0.1,784.9,2.32,0.07,1.11,1.14,0.86,0.04,0.05,0.77,1.44,0.04,1.03,0.36,77407975,31027032,40.08,100.37
99.94,0.38,99.11,0.14,99.86,4824.05,1.38,0.52,1.38,0.73,1.91,0.72,79.37,0,165.78,0.94,0.01,0,0.04,0.01,3.1,0.11,785.75,2.29,0.08,1.14,1.12,0.86,0.04,0.06,0.77,1.45,0.04,1.06,0.35,76847780,31874780,41.48,100.74
99.94,0.39,99.08,0.14,99.86,4823.7,1.38,0.5,1.38,0.72,1.99,0.72,79.47,0,165.86,0.88,0,0,0.05,0.01,3.35,0.15,785.64,2.41,0.11,1.18,1.16,0.89,0.04,0.06,0.8,1.46,0.05,1.05,0.36,78626807,31987315,40.68,100.09
99.94,0.57,98.89,0.24,99.76,4823.76,1.38,0.56,1.38,0.72,1.77,0.72,79.42,0,165.57,0.98,0.01,0,0.04,0.01,3.68,0.16,781.54,2.47,0.11,1.18,1.15,0.92,0.06,0.08,0.79,1.5,0.08,1.05,0.36,80859655,33652287,41.62,100.54
99.94,0.47,99.02,0.17,99.83,4824.41,1.38,0.5,1.39,0.72,2.01,0.72,79.59,0,165.89,0.9,0,0,0.03,0.01,3.21,0.11,784.52,2.39,0.1,1.18,1.15,0.89,0.04,0.06,0.79,1.51,0.05,1.1,0.36,78529983,31329640,39.9,100.21
99.95,0.65,98.84,0.25,99.75,4821.52,1.38,0.53,1.39,0.72,1.9,0.72,79.43,0,165.87,0.91,0,0,0.06,0.01,3.45,0.2,785.65,2.47,0.14,1.2,1.17,0.92,0.06,0.06,0.8,1.5,0.09,1.04,0.37,79678283,32869627,41.25,99.87
99.94,0.35,99.12,0.13,99.87,4825.37,1.37,0.52,1.38,0.73,1.93,0.73,79.11,0,165.66,0.96,0.02,0,0.04,0.01,3.28,0.14,782.66,2.4,0.08,1.15,1.15,0.9,0.04,0.06,0.8,1.46,0.04,1.07,0.35,78665551,31477165,40.01,100.83
99.59,0.41,99.05,0.15,99.85,4825.04,1.39,0.51,1.39,0.72,1.97,0.72,79.52,0,166.03,0.86,0,0,0.04,0.01,3.18,0.13,785.09,2.39,0.1,1.12,1.14,0.87,0.04,0.06,0.77,1.51,0.06,1.09,0.36,80288833,32295675,40.22,100.36
98.27,0.76,98.7,0.35,99.65,4826.34,1.39,0.65,1.4,0.72,1.55,0.71,78.84,0,165.97,0.98,0.01,0,0.04,0.01,3.77,0.17,782.79,2.54,0.11,1.19,1.18,0.93,0.05,0.07,0.82,1.53,0.09,1.07,0.37,79727301,32378143,40.61,99.99
97.89,0.38,99.09,0.14,99.86,4826.94,1.39,0.51,1.4,0.72,1.97,0.72,78.61,0,165.79,0.93,0.01,0,0.04,0.01,3.28,0.15,784.77,2.33,0.09,1.14,1.13,0.89,0.03,0.05,0.8,1.43,0.05,1.04,0.33,76526998,30499067,39.85,100.61
99.95,0.37,99.12,0.13,99.87,4826.18,1.38,0.5,1.38,0.72,1.99,0.72,79.5,0,165.85,0.93,0,0,0.05,0.01,3.09,0.15,786.04,2.39,0.07,1.12,1.17,0.9,0.03,0.05,0.81,1.44,0.04,1.04,0.35,75049229,29702413,39.58,99.73
99.94,0.35,99.14,0.13,99.87,4823.33,1.38,0.52,1.38,0.73,1.93,0.72,79.31,0,165.85,0.89,0.01,0,0.04,0.01,3.27,0.14,782.72,2.39,0.07,1.18,1.15,0.89,0.04,0.05,0.8,1.41,0.04,1.02,0.35,76310163,29837608,39.1,100.33
99.94,0.32,99.17,0.13,99.87,4823.69,1.38,0.54,1.38,0.72,1.87,0.72,79.51,0,165.87,0.89,0,0,0.04,0.01,3.07,0.12,784.73,2.34,0.07,1.15,1.14,0.87,0.03,0.05,0.79,1.4,0.04,1.01,0.35,76339179,29578603,38.75,99.66
99.94,0.72,98.76,0.33,99.67,4824.21,1.38,0.64,1.39,0.72,1.57,0.72,79.46,0,165.9,0.97,0,0,0.05,0.01,3.75,0.17,784.37,2.42,0.09,1.16,1.18,0.93,0.05,0.07,0.81,1.51,0.1,1.05,0.37,79165598,32127507,40.58,100.32
99.94,0.44,99.05,0.15,99.85,4823.31,1.38,0.46,1.38,0.73,2.15,0.73,79.13,0,165.77,0.98,0.02,0,0.06,0.01,3.44,0.2,783.58,2.4,0.07,1.12,1.15,0.88,0.03,0.05,0.8,1.41,0.04,1.02,0.35,76222109,30343707,39.81,100.61
99.95,0.38,99.12,0.14,99.86,4824.43,1.38,0.52,1.38,0.72,1.92,0.72,79.41,0,165.78,0.92,0,0,0.04,0.01,3.03,0.13,788.11,2.33,0.07,1.16,1.14,0.86,0.03,0.05,0.77,1.49,0.05,1.08,0.37,76487539,31167926,40.75,99.77
99.95,0.38,99.1,0.14,99.86,4824.08,1.38,0.5,1.38,0.72,1.99,0.72,79.46,0,165.78,0.95,0.01,0,0.04,0.01,3.01,0.12,786.18,2.36,0.08,1.12,1.14,0.88,0.03,0.05,0.8,1.42,0.04,1.04,0.34,77874295,30995031,39.8,100.43
99.95,0.42,99.07,0.14,99.86,4823.71,1.38,0.47,1.38,0.73,2.12,0.72,79.2,0,165.83,0.9,0.01,0,0.04,0.01,3.15,0.13,784.84,2.35,0.09,1.15,1.15,0.87,0.03,0.05,0.79,1.41,0.04,1.02,0.35,75733657,30497838,40.27,100.44
99.95,0.44,99.05,0.16,99.84,4823.76,1.38,0.5,1.38,0.72,1.99,0.72,79.45,0,165.86,0.92,0,0,0.04,0.01,3.07,0.13,787.63,2.29,0.07,1.12,1.12,0.84,0.03,0.05,0.76,1.46,0.04,1.06,0.36,77301172,30417343,39.35,100.32
99.94,0.34,99.15,0.13,99.87,4822.21,1.38,0.53,1.38,0.73,1.89,0.72,79.28,0,165.64,0.92,0.01,0,0.04,0.01,3.17,0.14,785.75,2.43,0.08,1.14,1.19,0.9,0.03,0.05,0.81,1.44,0.04,1.02,0.38,75025906,29945583,39.91,99.92
99.6,0.41,99.08,0.14,99.86,4824.05,1.38,0.48,1.39,0.72,2.06,0.72,79.42,0,165.94,0.91,0.01,0,0.05,0.01,3.07,0.14,784.73,2.37,0.08,1.15,1.15,0.88,0.03,0.05,0.8,1.4,0.04,1.01,0.35,76956992,30511607,39.65,100.22
99.78,0.39,99.1,0.15,99.85,4821.43,1.39,0.52,1.39,0.72,1.92,0.72,79.6,0,166.06,0.89,0,0,0.04,0.01,3.1,0.13,785.95,2.36,0.07,1.16,1.14,0.87,0.03,0.05,0.79,1.43,0.04,1.04,0.35,77910389,30363556,38.97,100.03
96.85,0.42,99.06,0.15,99.85,4824.63,1.4,0.5,1.4,0.72,2.01,0.71,77.81,0,165.78,0.92,0.01,0,0.05,0.01,3.24,0.16,785.18,2.34,0.08,1.1,1.13,0.88,0.04,0.06,0.78,1.49,0.06,1.08,0.35,75144552,29401710,39.13,100.51
99.59,0.34,99.14,0.13,99.87,4823.83,1.38,0.53,1.39,0.72,1.89,0.72,79.35,0,165.76,0.94,0,0,0.04,0.01,3.08,0.13,787.33,2.36,0.1,1.17,1.15,0.87,0.03,0.05,0.79,1.45,0.04,1.05,0.36,76625567,30237338,39.46,100
99.94,0.34,99.15,0.13,99.87,4823.59,1.38,0.54,1.38,0.72,1.86,0.72,79.51,0,165.83,0.87,0,0,0.04,0.01,3.16,0.13,785.88,2.32,0.07,1.14,1.13,0.87,0.03,0.05,0.78,1.43,0.05,1.02,0.36,76587645,30076036,39.27,99.58
99.94,0.37,99.12,0.14,99.86,4824.44,1.38,0.52,1.38,0.72,1.92,0.72,79.4,0,165.92,0.86,0.01,0,0.05,0.01,3.33,0.15,782.51,2.37,0.07,1.13,1.15,0.88,0.03,0.05,0.79,1.45,0.05,1.04,0.35,77091641,31031945,40.25,100.72
99.94,0.33,99.16,0.13,99.87,4823.97,1.38,0.54,1.38,0.72,1.86,0.72,79.49,0,165.81,0.89,0,0,0.04,0.01,3.22,0.14,787.03,2.37,0.07,1.11,1.16,0.88,0.03,0.05,0.79,1.47,0.04,1.07,0.36,79017177,31267949,39.57,100.46
99.95,0.36,99.13,0.13,99.87,4823.26,1.38,0.51,1.38,0.73,1.96,0.72,79.34,0,165.68,0.92,0.01,0,0.04,0.01,3.12,0.14,784.77,2.3,0.07,1.1,1.12,0.86,0.03,0.05,0.77,1.42,0.04,1.04,0.34,76829024,29856710,38.86,100.39
99.94,0.37,99.1,0.13,99.87,4825.58,1.38,0.5,1.38,0.72,2.02,0.72,79.52,0,165.75,0.93,0.01,0,0.04,0.01,3.12,0.13,785.55,2.34,0.09,1.13,1.14,0.88,0.03,0.05,0.79,1.46,0.04,1.06,0.35,77886199,31162483,40.01,101.01
99.94,0.38,99.1,0.14,99.86,4823.96,1.38,0.5,1.38,0.72,2,0.72,79.47,0,165.84,0.91,0,0,0.04,0.01,3.06,0.13,788,2.31,0.06,1.14,1.13,0.86,0.03,0.05,0.78,1.44,0.04,1.05,0.35,76800431,30660685,39.92,100.32
99.94,0.38,99.1,0.14,99.86,4825.65,1.38,0.5,1.38,0.73,1.99,0.72,79.38,0,165.85,0.89,0.01,0,0.05,0.01,3.32,0.17,782.64,2.28,0.07,1.15,1.1,0.85,0.03,0.05,0.76,1.42,0.04,1.05,0.34,76090334,30736795,40.4,100.34
99.94,0.37,99.1,0.13,99.87,4823.56,1.38,0.5,1.38,0.72,1.98,0.72,79.41,0,165.72,0.88,0,0,0.05,0.01,3.17,0.15,786.8,2.4,0.07,1.14,1.17,0.88,0.03,0.05,0.81,1.43,0.04,1.03,0.36,77228087,31545165,40.85,100.8
99.94,0.34,99.12,0.13,99.87,4823.01,1.38,0.52,1.39,0.72,1.92,0.72,79.56,0,165.86,0.89,0,0,0.04,0.01,3.07,0.13,786.74,2.29,0.07,1.15,1.12,0.84,0.03,0.05,0.76,1.43,0.04,1.03,0.36,75937531,30801479,40.56,99.93
99.94,0.41,99.05,0.15,99.85,4824.21,1.38,0.48,1.38,0.73,2.09,0.72,79.19,0,165.86,0.89,0.01,0,0.05,0.01,3.32,0.16,782.59,2.25,0.07,1.12,1.1,0.83,0.03,0.06,0.74,1.43,0.04,1.04,0.35,76000464,31312847,41.2,100.8
99.59,0.39,99.09,0.15,99.85,4823.52,1.38,0.52,1.38,0.72,1.93,0.72,79.22,0,165.86,0.93,0,0,0.04,0.01,3.17,0.14,788.04,2.38,0.08,1.14,1.16,0.88,0.03,0.06,0.79,1.47,0.04,1.06,0.37,77751290,31326026,40.29,99.74
97.56,0.4,99.06,0.14,99.86,4824.54,1.39,0.49,1.4,0.72,2.05,0.72,78.18,0,165.8,0.92,0.01,0,0.05,0.01,3.26,0.16,785.16,2.32,0.09,1.17,1.12,0.87,0.04,0.05,0.78,1.4,0.05,1.01,0.34,73541649,28636316,38.94,99.12
98.73,0.46,99.01,0.16,99.84,4824.82,1.39,0.49,1.39,0.72,2.05,0.72,78.97,0,165.69,0.94,0.01,0,0.04,0.01,3.2,0.12,784.89,2.45,0.08,1.15,1.17,0.89,0.03,0.05,0.81,1.45,0.04,1.05,0.37,75839817,30458880,40.16,100.55
99.95,0.37,99.12,0.13,99.87,4821.97,1.38,0.49,1.39,0.72,2.03,0.72,79.52,0,165.92,0.9,0,0,0.03,0.01,3.01,0.09,787.27,2.37,0.07,1.13,1.16,0.87,0.03,0.05,0.79,1.48,0.04,1.07,0.37,77594513,30559107,39.38,99.65
99.95,0.34,99.15,0.13,99.87,4822.72,1.38,0.51,1.38,0.73,1.95,0.73,79.15,0,165.8,0.93,0.01,0,0.03,0.01,3.18,0.11,783.24,2.32,0.07,1.13,1.14,0.86,0.03,0.05,0.78,1.47,0.04,1.08,0.36,76668402,30107514,39.27,100.02
99.94,0.41,99.08,0.14,99.86,4823.44,1.38,0.47,1.38,0.73,2.15,0.72,79.27,0,165.78,0.89,0,0,0.03,0.01,3.14,0.11,786.62,2.26,0.07,1.14,1.1,0.84,0.03,0.05,0.76,1.41,0.04,1.03,0.35,76309698,31005907,40.63,100.29
99.95,0.44,99.05,0.16,99.84,4823.61,1.38,0.51,1.38,0.72,1.98,0.72,79.45,0,165.8,0.91,0,0,0.03,0.01,3,0.1,787.17,2.34,0.07,1.16,1.14,0.86,0.03,0.05,0.79,1.39,0.04,1,0.36,76419953,30637770,40.09,99.95
99.94,0.38,99.11,0.14,99.86,4822.49,1.38,0.5,1.38,0.73,2,0.72,79.29,0,165.97,0.9,0.01,0,0.04,0.01,3.18,0.11,781.65,2.38,0.08,1.12,1.16,0.89,0.03,0.05,0.81,1.42,0.05,1.02,0.35,76388457,30495264,39.92,100.55
99.95,0.37,99.12,0.13,99.87,4823.82,1.38,0.5,1.39,0.72,1.98,0.72,79.56,0,165.9,0.86,0,0,0.03,0.01,3.12,0.1,784.51,2.31,0.08,1.14,1.13,0.87,0.03,0.05,0.78,1.45,0.04,1.06,0.35,77551975,30567976,39.42,100.14
99.95,0.35,99.15,0.13,99.87,4823.18,1.38,0.51,1.38,0.73,1.95,0.72,79.35,0,165.82,0.92,0.01,0,0.03,0.01,3.1,0.1,786.03,2.3,0.07,1.13,1.11,0.85,0.03,0.05,0.77,1.41,0.04,1.02,0.34,75023025,29787800,39.7,99.45
99.93,0.4,99.06,0.14,99.86,4823.94,1.38,0.47,1.38,0.73,2.11,0.72,79.32,0,165.73,0.95,0.01,0,0.04,0.01,3.17,0.14,785.53,2.28,0.07,1.12,1.11,0.84,0.03,0.05,0.76,1.43,0.04,1.04,0.35,78085915,31455200,40.28,101.53
99.94,0.36,99.12,0.13,99.87,4823.48,1.38,0.51,1.38,0.72,1.96,0.72,79.5,0,165.8,0.91,0,0,0.03,0.01,3.08,0.1,787.16,2.32,0.08,1.17,1.13,0.86,0.03,0.05,0.78,1.42,0.04,1.03,0.35,76100900,30604350,40.22,99.82
99.95,0.4,99.09,0.14,99.86,4822.79,1.38,0.49,1.38,0.73,2.06,0.72,79.29,0,165.8,0.92,0.01,0,0.04,0.01,3.27,0.13,783.35,2.32,0.07,1.15,1.14,0.86,0.03,0.05,0.78,1.42,0.04,1.03,0.35,77555076,30781037,39.69,100.26
99.6,0.36,99.13,0.14,99.86,4822.78,1.38,0.51,1.39,0.72,1.94,0.72,79.31,0,165.72,0.93,0,0,0.04,0.01,3.16,0.12,786.38,2.29,0.07,1.13,1.12,0.85,0.03,0.05,0.77,1.41,0.04,1.03,0.35,75393850,29860954,39.61,99.48
99.95,0.34,99.15,0.13,99.87,4822.7,1.38,0.52,1.38,0.72,1.92,0.72,79.47,0,165.76,0.91,0,0,0.03,0.01,3.02,0.09,786.66,2.34,0.07,1.12,1.14,0.87,0.03,0.05,0.79,1.44,0.04,1.05,0.36,76319376,30183747,39.55,99.86
96.45,0.44,99.03,0.15,99.85,4823.1,1.4,0.48,1.4,0.72,2.09,0.71,77.62,0,165.81,0.89,0.01,0,0.04,0.01,3.3,0.14,784.7,2.3,0.09,1.17,1.11,0.87,0.04,0.06,0.78,1.42,0.05,1.04,0.33,75112566,29568231,39.37,100.85
99.6,0.36,99.12,0.13,99.87,4823.23,1.38,0.51,1.39,0.72,1.98,0.72,79.26,0,165.88,0.92,0,0,0.03,0.01,3.01,0.09,785.44,2.46,0.07,1.17,1.18,0.9,0.03,0.05,0.82,1.47,0.04,1.07,0.36,76838391,30542505,39.75,100.18
99.95,0.34,99.15,0.13,99.87,4822.39,1.38,0.52,1.38,0.73,1.91,0.72,79.29,0,165.76,0.93,0.01,0,0.04,0.01,3.16,0.11,785.02,2.44,0.08,1.11,1.18,0.89,0.03,0.05,0.81,1.48,0.04,1.07,0.37,78133432,30650518,39.23,100.16
99.95,0.37,99.12,0.14,99.86,4822.4,1.38,0.5,1.38,0.73,2,0.72,79.35,0,165.74,0.94,0.01,0,0.04,0.01,3.18,0.12,786.4,2.36,0.07,1.12,1.13,0.86,0.03,0.05,0.78,1.39,0.04,1.01,0.35,76261986,30269588,39.69,100.45
99.95,0.38,99.11,0.14,99.86,4822.04,1.38,0.5,1.38,0.72,2,0.72,79.49,0,165.74,0.93,0,0,0.03,0.01,3.02,0.09,787.42,2.34,0.07,1.12,1.15,0.88,0.03,0.06,0.79,1.5,0.05,1.09,0.36,77078101,30402031,39.44,100.44
99.95,0.34,99.15,0.13,99.87,4822.11,1.38,0.52,1.38,0.72,1.92,0.72,79.44,0,165.7,0.92,0.01,0,0.04,0.01,3.22,0.13,783.28,2.35,0.07,1.16,1.13,0.86,0.03,0.05,0.78,1.44,0.04,1.06,0.34,77434303,30626319,39.55,100.44
99.94,0.36,99.13,0.13,99.87,4823.22,1.38,0.51,1.39,0.72,1.98,0.72,79.55,0,165.79,0.9,0,0,0.03,0.01,3.07,0.1,786.15,2.35,0.08,1.13,1.15,0.86,0.03,0.05,0.79,1.44,0.04,1.04,0.36,75729870,30293269,40,99.98
99.95,0.36,99.12,0.13,99.87,4822.44,1.38,0.51,1.38,0.72,1.98,0.72,79.47,0,165.75,0.92,0,0,0.03,0.01,3.01,0.09,787.13,2.33,0.08,1.13,1.14,0.87,0.04,0.06,0.78,1.47,0.04,1.06,0.36,76748183,30066487,39.18,99.84
99.94,0.42,99.06,0.16,99.84,4823.81,1.38,0.51,1.38,0.73,1.95,0.72,79.33,0,165.78,0.94,0.01,0,0.04,0.01,3.18,0.12,783.51,2.33,0.07,1.14,1.13,0.86,0.03,0.05,0.78,1.39,0.04,1,0.35,76477472,30655564,40.08,100.66
99.95,0.34,99.15,0.13,99.87,4823.2,1.38,0.52,1.39,0.72,1.93,0.72,79.67,0,165.9,0.89,0,0,0.03,0.01,3.03,0.1,785.4,2.29,0.06,1.17,1.12,0.84,0.03,0.05,0.76,1.41,0.04,1.02,0.36,77313910,30937086,40.01,100.63
99.94,0.32,99.17,0.13,99.87,4823.76,1.38,0.54,1.38,0.72,1.85,0.72,79.47,0,165.74,0.92,0.01,0,0.04,0.01,3.17,0.12,784.87,2.37,0.07,1.15,1.15,0.88,0.03,0.05,0.8,1.43,0.04,1.04,0.36,77884856,31092237,39.92,100.93
99.94,0.34,99.13,0.13,99.87,4823.04,1.38,0.51,1.38,0.73,1.96,0.72,79.23,0,165.74,0.95,0.01,0,0.04,0.01,3.24,0.14,786.28,2.47,0.07,1.12,1.2,0.9,0.03,0.05,0.82,1.45,0.04,1.03,0.39,74962473,30423949,40.59,100
99.78,0.41,99.08,0.15,99.85,4823.54,1.39,0.52,1.39,0.72,1.93,0.72,79.59,0,165.87,0.89,0,0,0.03,0.01,3.07,0.11,785.74,2.34,0.07,1.13,1.14,0.87,0.03,0.05,0.78,1.43,0.04,1.03,0.35,76918675,30532687,39.69,100.18
97.96,0.41,99.07,0.14,99.86,4823.55,1.39,0.49,1.39,0.72,2.05,0.72,78.43,0,165.8,0.92,0.01,0,0.04,0.01,3.19,0.12,785.9,2.27,0.07,1.13,1.1,0.84,0.03,0.05,0.76,1.4,0.04,1.02,0.34,74371557,29711971,39.95,100.6
98.2,0.38,99.09,0.14,99.86,4822.43,1.39,0.5,1.39,0.72,1.99,0.72,78.5,0,165.73,0.9,0.01,0,0.04,0.01,3.13,0.12,784.48,2.36,0.07,1.14,1.14,0.87,0.03,0.05,0.79,1.4,0.04,1.02,0.35,74663079,29354305,39.32,100.14
99.95,0.53,98.96,0.23,99.77,4822.75,1.38,0.59,1.39,0.72,1.68,0.72,79.54,0,165.83,0.9,0,0,0.03,0.01,3.11,0.09,786.2,2.36,0.08,1.12,1.16,0.88,0.03,0.05,0.79,1.46,0.04,1.05,0.37,75820911,30184850,39.81,99.48
99.94,0.4,99.09,0.14,99.86,4823.66,1.38,0.49,1.38,0.73,2.06,0.72,79.18,0,165.86,0.93,0.01,0,0.04,0.01,3.23,0.12,783.78,2.35,0.07,1.13,1.15,0.88,0.03,0.05,0.8,1.43,0.04,1.04,0.35,76698221,30785955,40.14,100.44
99.95,0.4,99.09,0.14,99.86,4823.18,1.38,0.49,1.39,0.72,2.06,0.72,79.56,0,165.89,0.89,0,0,0.03,0.01,3.06,0.1,784.89,2.39,0.06,1.14,1.16,0.89,0.03,0.05,0.81,1.43,0.04,1.04,0.35,77149851,30547786,39.6,100.42
99.94,0.35,99.14,0.13,99.87,4822.93,1.38,0.53,1.38,0.72,1.88,0.72,79.45,0,165.79,0.93,0,0,0.03,0.01,3.07,0.11,786.02,2.31,0.08,1.15,1.13,0.86,0.03,0.05,0.78,1.43,0.04,1.05,0.35,75655345,29851605,39.46,100.05
99.95,0.35,99.13,0.13,99.87,4823.21,1.38,0.51,1.38,0.73,1.96,0.72,79.32,0,165.83,0.93,0.01,0,0.04,0.01,3.19,0.13,784.21,2.32,0.07,1.1,1.12,0.86,0.03,0.05,0.78,1.39,0.04,1,0.34,75364591,30186877,40.05,100.8
99.95,0.35,99.14,0.14,99.86,4822.83,1.38,0.54,1.39,0.72,1.86,0.72,79.53,0,165.83,0.93,0,0,0.03,0.01,2.98,0.09,787.57,2.31,0.07,1.14,1.13,0.85,0.03,0.05,0.77,1.45,0.04,1.04,0.36,77302556,30985203,40.08,100.28
99.95,0.37,99.12,0.13,99.87,4822.77,1.38,0.5,1.38,0.72,2.01,0.72,79.39,0,165.76,0.93,0.01,0,0.03,0.01,3.13,0.1,784.03,2.35,0.07,1.14,1.15,0.88,0.03,0.05,0.8,1.41,0.04,1.02,0.35,75799246,30334518,40.02,100.47
99.95,0.33,99.16,0.13,99.87,4823.08,1.38,0.54,1.38,0.72,1.85,0.72,79.52,0,165.9,0.91,0.01,0,0.03,0.01,3.19,0.11,783.85,2.39,0.07,1.16,1.16,0.89,0.03,0.05,0.8,1.45,0.04,1.05,0.36,77679038,30878001,39.75,100.56
99.95,0.35,99.14,0.13,99.87,4823.45,1.38,0.52,1.38,0.72,1.94,0.72,79.47,0,165.89,0.88,0,0,0.03,0.01,3.1,0.1,786.5,2.48,0.07,1.13,1.22,0.93,0.04,0.05,0.84,1.46,0.04,1.05,0.38,77208051,30582095,39.61,100.08
99.95,0.36,99.13,0.14,99.86,4822.79,1.38,0.53,1.38,0.73,1.9,0.72,79.23,0,165.76,0.93,0.01,0,0.04,0.01,3.36,0.14,784.28,2.36,0.08,1.13,1.13,0.87,0.03,0.05,0.79,1.45,0.04,1.06,0.35,76486902,30524433,39.91,100.67
99.62,0.39,99.1,0.14,99.86,4823.23,1.38,0.49,1.39,0.72,2.04,0.72,79.3,0,165.75,0.93,0.01,0,0.03,0.01,3.12,0.1,786.34,2.34,0.08,1.18,1.13,0.86,0.03,0.05,0.78,1.4,0.05,1.01,0.35,75485786,30375014,40.24,100.14
99.08,0.46,99,0.17,99.83,4823.92,1.39,0.49,1.39,0.72,2.02,0.72,79.02,0,165.74,0.92,0,0,0.04,0.01,3.21,0.12,787.41,2.35,0.07,1.18,1.14,0.87,0.04,0.05,0.78,1.44,0.05,1.03,0.36,76358964,30939417,40.52,99.82
97.64,0.49,98.97,0.16,99.84,4822.62,1.4,0.46,1.4,0.72,2.2,0.71,78.56,0,166.09,0.93,0.01,0,0.04,0.01,3.27,0.12,785.06,2.43,0.09,1.14,1.18,0.9,0.03,0.05,0.82,1.4,0.04,1,0.36,75792193,29932466,39.49,100.39
99.6,0.36,99.12,0.13,99.87,4823.53,1.38,0.51,1.39,0.72,1.95,0.72,79.31,0,165.77,0.92,0,0,0.03,0.01,3.03,0.1,787.15,2.34,0.06,1.11,1.15,0.87,0.03,0.05,0.79,1.42,0.04,1.02,0.36,75994270,30568267,40.22,100.13
99.95,0.35,99.14,0.13,99.87,4823.18,1.38,0.52,1.38,0.72,1.94,0.72,79.53,0,166.03,0.92,0.01,0,0.03,0.01,3.17,0.11,784.65,2.35,0.08,1.15,1.13,0.87,0.03,0.05,0.78,1.45,0.04,1.06,0.35,76310186,29321849,38.42,99.7
99.95,0.36,99.13,0.13,99.87,4823.26,1.37,0.5,1.38,0.73,1.99,0.73,79.13,0,165.62,0.97,0.01,0,0.04,0.01,3.13,0.11,786.18,2.42,0.07,1.14,1.18,0.91,0.03,0.05,0.82,1.43,0.04,1.04,0.36,76630487,30096771,39.28,100.24
99.94,0.35,99.13,0.13,99.87,4822.68,1.38,0.51,1.39,0.72,1.94,0.72,79.56,0,165.92,0.87,0,0,0.03,0.01,3.05,0.1,786.21,2.41,0.08,1.12,1.18,0.89,0.03,0.05,0.8,1.49,0.05,1.05,0.38,77770846,30537524,39.27,99.49
99.95,0.41,99.07,0.15,99.85,4823.21,1.38,0.49,1.38,0.73,2.04,0.72,79.29,0,165.61,0.93,0.01,0,0.05,0.01,3.2,0.14,785.03,2.36,0.07,1.14,1.14,0.88,0.03,0.05,0.79,1.43,0.04,1.04,0.35,77175615,30203566,39.14,99.91
99.95,0.35,99.14,0.13,99.87,4823.05,1.38,0.53,1.38,0.72,1.89,0.72,79.45,0,165.94,0.9,0.01,0,0.03,0.01,3.06,0.1,786.16,2.35,0.07,1.12,1.14,0.88,0.03,0.05,0.79,1.4,0.04,1.01,0.35,77671651,30454730,39.21,100.17
99.95,0.39,99.1,0.15,99.85,4822.81,1.38,0.53,1.38,0.72,1.88,0.72,79.47,0,165.82,0.89,0,0,0.03,0.01,3.03,0.09,786.07,2.39,0.06,1.14,1.17,0.89,0.03,0.05,0.8,1.44,0.04,1.05,0.36,76757558,29841853,38.88,100.04
99.94,0.4,99.09,0.14,99.86,4823.08,1.38,0.48,1.38,0.73,2.08,0.72,79.22,0,165.64,0.95,0.01,0,0.04,0.01,3.19,0.12,784.41,2.32,0.07,1.14,1.13,0.86,0.03,0.05,0.78,1.4,0.04,1.01,0.35,76574912,30054330,39.25,100.35
99.94,0.41,99.07,0.15,99.85,4823.66,1.38,0.5,1.38,0.72,1.99,0.72,79.46,0,165.85,0.92,0,0,0.04,0.01,3.06,0.11,784.97,2.39,0.1,1.15,1.15,0.89,0.04,0.06,0.79,1.46,0.05,1.06,0.35,77993349,31691816,40.63,100.16
99.94,0.37,99.12,0.14,99.86,4822.9,1.38,0.5,1.38,0.73,1.99,0.72,79.35,0,165.75,0.94,0.01,0,0.03,0.01,3.09,0.11,786.16,2.31,0.07,1.11,1.13,0.86,0.04,0.06,0.77,1.45,0.04,1.05,0.36,77366329,30457212,39.37,100.14
99.6,0.38,99.11,0.14,99.86,4823.02,1.38,0.51,1.38,0.73,1.96,0.72,79.1,0,165.56,0.93,0.01,0,0.04,0.01,3.23,0.13,785.75,2.34,0.07,1.16,1.14,0.87,0.03,0.05,0.79,1.42,0.04,1.03,0.35,76080878,29803619,39.17,100.16
99.61,0.33,99.16,0.13,99.87,4823.2,1.38,0.54,1.38,0.72,1.84,0.72,79.25,0,165.76,0.92,0,0,0.03,0.01,2.99,0.1,787.35,2.28,0.07,1.11,1.11,0.85,0.03,0.06,0.76,1.44,0.04,1.05,0.35,75690738,29273913,38.68,99.12
97.9,0.41,99.08,0.14,99.86,4821.61,1.39,0.49,1.4,0.72,2.05,0.72,78.57,0,165.76,0.96,0.01,0,0.04,0.01,3.13,0.12,786.69,2.34,0.09,1.13,1.13,0.86,0.03,0.05,0.77,1.44,0.05,1.03,0.36,74962569,29175037,38.92,99.72
98.54,0.39,99.09,0.14,99.86,4823.12,1.39,0.49,1.39,0.72,2.04,0.72,78.8,0,165.77,0.91,0.01,0,0.04,0.01,3.11,0.11,786.19,2.38,0.07,1.11,1.15,0.89,0.03,0.05,0.81,1.47,0.04,1.09,0.34,77300019,30195143,39.06,100.53
99.95,0.34,99.15,0.13,99.87,4823.51,1.38,0.53,1.38,0.72,1.88,0.72,79.49,0,165.87,0.92,0,0,0.03,0.01,3.01,0.09,786.33,2.4,0.07,1.1,1.16,0.89,0.03,0.05,0.81,1.41,0.04,1.03,0.35,78070222,31319916,40.12,100.57
99.94,0.39,99.09,0.14,99.86,4822.45,1.38,0.49,1.38,0.73,2.04,0.72,79.36,0,165.94,0.93,0.01,0,0.04,0.01,3.24,0.12,784.56,2.33,0.07,1.11,1.13,0.87,0.03,0.05,0.78,1.44,0.04,1.05,0.35,76132920,30724897,40.36,100.53
99.94,0.34,99.13,0.13,99.87,4822.58,1.38,0.53,1.39,0.72,1.89,0.72,79.61,0,165.82,0.93,0,0,0.03,0.01,3.02,0.1,785.87,2.3,0.07,1.13,1.12,0.85,0.03,0.05,0.77,1.46,0.04,1.07,0.35,77390721,30788490,39.78,100.57
99.94,0.34,99.15,0.13,99.87,4823.4,1.38,0.52,1.38,0.72,1.92,0.72,79.48,0,165.89,0.92,0.01,0,0.04,0.01,3.12,0.11,784.47,2.31,0.07,1.16,1.13,0.85,0.03,0.05,0.77,1.41,0.04,1.01,0.36,74941461,29739607,39.68,99.52
99.95,0.41,99.08,0.15,99.85,4822.43,1.38,0.49,1.38,0.73,2.04,0.72,79.31,0,165.66,0.92,0.01,0,0.04,0.01,3.15,0.12,784.93,2.39,0.07,1.1,1.16,0.87,0.03,0.05,0.79,1.46,0.04,1.05,0.36,78360350,31300093,39.94,100.8
99.95,0.38,99.11,0.14,99.86,4822.65,1.38,0.5,1.38,0.72,2.01,0.72,79.46,0,165.89,0.92,0,0,0.03,0.01,3.02,0.09,786.9,2.43,0.07,1.14,1.19,0.91,0.04,0.06,0.81,1.47,0.05,1.05,0.37,77508988,30540506,39.4,99.97
99.94,0.34,99.14,0.13,99.87,4822.85,1.38,0.53,1.39,0.72,1.89,0.72,79.62,0,165.93,0.92,0.01,0,0.04,0.01,3.05,0.11,785.88,2.34,0.06,1.1,1.14,0.87,0.03,0.05,0.78,1.46,0.05,1.05,0.36,78548221,30477077,38.8,100.63
99.94,0.36,99.12,0.13,99.87,4822.58,1.38,0.51,1.38,0.73,1.95,0.73,79.18,0,165.72,0.95,0.01,0,0.03,0.01,3.12,0.1,785.64,2.39,0.06,1.11,1.16,0.89,0.03,0.06,0.8,1.47,0.04,1.07,0.36,77003788,30735174,39.91,100.66
99.95,0.36,99.12,0.13,99.87,4823.05,1.38,0.5,1.39,0.72,1.98,0.72,79.59,0,165.99,0.91,0,0,0.04,0.01,3.04,0.11,783.99,2.42,0.07,1.12,1.18,0.9,0.03,0.05,0.81,1.46,0.04,1.05,0.37,77377050,30747873,39.74,99.61
99.61,0.52,98.96,0.19,99.81,4822.86,1.38,0.49,1.38,0.72,2.04,0.72,79.11,0,165.97,0.9,0.01,0,0.04,0.01,3.21,0.13,782.86,2.37,0.1,1.16,1.13,0.86,0.03,0.05,0.78,1.45,0.06,1.04,0.35,76058708,30488270,40.09,100.2
99.95,0.39,99.1,0.14,99.86,4822.87,1.38,0.49,1.38,0.72,2.04,0.72,79.41,0,165.71,0.9,0,0,0.03,0.01,3.07,0.09,785.68,2.31,0.07,1.16,1.13,0.86,0.03,0.05,0.79,1.41,0.04,1.03,0.35,77168068,31030575,40.21,101.13
98.92,0.35,99.14,0.13,99.87,4823.03,1.39,0.52,1.39,0.72,1.91,0.72,79.11,0,165.87,0.88,0,0,0.03,0.01,3.09,0.1,785.49,2.34,0.07,1.12,1.14,0.87,0.03,0.05,0.79,1.43,0.04,1.04,0.35,75408637,29770841,39.48,100.11
97.21,0.37,99.1,0.14,99.86,4822.74,1.4,0.52,1.4,0.71,1.93,0.71,78.28,0,165.89,0.9,0.01,0,0.04,0.01,3.28,0.12,784.57,2.36,0.08,1.13,1.14,0.88,0.03,0.05,0.79,1.45,0.04,1.06,0.35,77221617,29896516,38.72,100.74
99.94,0.42,99.05,0.16,99.84,4822.99,1.38,0.51,1.39,0.72,1.96,0.72,79.55,0,165.69,0.95,0,0,0.03,0.01,3.05,0.09,787.69,2.35,0.07,1.13,1.15,0.87,0.03,0.05,0.78,1.45,0.04,1.04,0.37,78051856,31444848,40.29,100.2
99.94,0.35,99.13,0.13,99.87,4823.4,1.38,0.51,1.38,0.72,1.96,0.72,79.39,0,165.8,0.87,0.01,0,0.04,0.01,3.26,0.12,784.17,2.4,0.07,1.09,1.17,0.9,0.04,0.06,0.81,1.47,0.04,1.07,0.36,76209696,30900547,40.55,99.86
99.95,0.44,99.05,0.15,99.85,4823.37,1.38,0.46,1.38,0.73,2.19,0.72,79.35,0,165.85,0.92,0.01,0,0.03,0.01,3.16,0.11,783.14,2.28,0.08,1.17,1.1,0.86,0.04,0.05,0.77,1.43,0.06,1.04,0.33,76073163,30742274,40.41,100.2
99.95,0.38,99.12,0.14,99.86,4823.26,1.38,0.49,1.38,0.72,2.04,0.72,79.42,0,165.81,0.93,0,0,0.03,0.01,3.03,0.09,786.52,2.23,0.07,1.11,1.08,0.83,0.03,0.05,0.75,1.43,0.04,1.05,0.34,76265500,30134814,39.51,99.75
99.95,0.37,99.13,0.13,99.87,4823.18,1.38,0.5,1.38,0.73,1.99,0.72,79.24,0,165.77,0.93,0.01,0,0.03,0.01,3.22,0.11,783.78,2.39,0.07,1.13,1.16,0.89,0.03,0.05,0.81,1.44,0.04,1.04,0.35,76951607,30458599,39.58,100.58
99.95,0.36,99.13,0.13,99.87,4823.27,1.38,0.51,1.38,0.72,1.96,0.72,79.45,0,165.82,0.91,0,0,0.03,0.01,3.09,0.1,785.66,2.4,0.07,1.13,1.17,0.9,0.03,0.05,0.81,1.46,0.04,1.06,0.36,77517235,30954050,39.93,100.46
99.95,0.39,99.1,0.14,99.86,4823.62,1.38,0.49,1.39,0.72,2.03,0.72,79.55,0,165.89,0.9,0,0,0.03,0.01,3.06,0.1,785.07,2.36,0.07,1.12,1.15,0.87,0.03,0.05,0.79,1.44,0.04,1.04,0.36,77147909,30617049,39.69,99.98
99.95,0.35,99.14,0.13,99.87,4823.41,1.38,0.51,1.38,0.73,1.96,0.72,79.33,0,165.79,0.89,0.01,0,0.04,0.01,3.21,0.12,782.94,2.41,0.07,1.13,1.17,0.89,0.03,0.05,0.81,1.44,0.04,1.04,0.36,77483389,31230686,40.31,100.93
99.95,0.35,99.14,0.13,99.87,4823.55,1.38,0.51,1.39,0.72,1.95,0.72,79.62,0,165.83,0.9,0,0,0.03,0.01,3,0.09,786.27,2.37,0.07,1.13,1.15,0.88,0.03,0.05,0.79,1.45,0.04,1.05,0.36,77150078,30248904,39.21,99.53
99.95,0.38,99.11,0.13,99.87,4823.38,1.38,0.48,1.39,0.72,2.06,0.72,79.59,0,166,0.87,0.01,0,0.03,0.01,3.16,0.11,783.51,2.38,0.06,1.11,1.17,0.88,0.03,0.05,0.8,1.46,0.04,1.05,0.37,76598177,30066004,39.25,99.76
99.6,0.36,99.13,0.14,99.86,4823.13,1.38,0.52,1.38,0.72,1.92,0.72,79.25,0,165.88,0.88,0.01,0,0.03,0.01,3.23,0.11,784.91,2.44,0.06,1.1,1.18,0.91,0.04,0.06,0.81,1.46,0.04,1.05,0.37,77689029,30749713,39.58,100
99.6,0.4,99.09,0.14,99.86,4823.24,1.38,0.48,1.39,0.72,2.08,0.72,79.27,0,165.7,0.93,0,0,0.03,0.01,3.08,0.1,786.98,2.36,0.08,1.12,1.16,0.89,0.04,0.06,0.79,1.46,0.05,1.04,0.37,76125979,29832817,39.19,99.59
96.88,0.4,99.07,0.15,99.85,4823.17,1.41,0.5,1.41,0.71,1.99,0.71,78.36,0,165.9,0.88,0.01,0,0.04,0.01,3.35,0.12,784.45,2.38,0.07,1.12,1.15,0.88,0.03,0.05,0.79,1.44,0.04,1.04,0.36,75038688,29407248,39.19,100.21
99.6,0.36,99.12,0.13,99.87,4822.42,1.38,0.51,1.38,0.72,1.96,0.72,79.22,0,165.74,0.89,0,0,0.03,0.01,3.14,0.1,786.4,2.34,0.07,1.1,1.14,0.87,0.03,0.05,0.78,1.47,0.04,1.08,0.35,77644884,30945279,39.85,100.74
99.95,0.33,99.16,0.13,99.87,4822.8,1.38,0.53,1.38,0.72,1.87,0.72,79.39,0,165.77,0.92,0,0,0.03,0.01,3.07,0.09,786.15,2.29,0.07,1.15,1.12,0.85,0.03,0.05,0.77,1.43,0.04,1.04,0.35,74912704,30068015,40.14,99.72
99.95,0.33,99.16,0.13,99.87,4822.55,1.38,0.53,1.38,0.73,1.88,0.72,79.32,0,165.73,0.91,0.01,0,0.03,0.01,3.23,0.11,784.5,2.3,0.07,1.16,1.12,0.86,0.03,0.06,0.77,1.45,0.04,1.06,0.35,77385434,30728108,39.71,100.66
99.94,0.37,99.11,0.14,99.86,4823.16,1.38,0.5,1.38,0.72,2,0.72,79.39,0,165.85,0.9,0,0,0.03,0.01,3.07,0.09,786.56,2.43,0.07,1.08,1.19,0.91,0.03,0.05,0.82,1.44,0.04,1.04,0.36,78796554,31113092,39.49,100.39
99.94,0.36,99.12,0.13,99.87,4822.88,1.38,0.5,1.38,0.72,2.01,0.72,79.43,0,165.76,0.95,0.01,0,0.03,0.01,3.11,0.1,785.64,2.36,0.07,1.16,1.15,0.88,0.03,0.06,0.79,1.44,0.04,1.04,0.36,77386245,30639347,39.59,100.13
99.95,0.34,99.15,0.13,99.87,4822.74,1.37,0.52,1.38,0.73,1.93,0.73,79.09,0,165.64,0.95,0.01,0,0.03,0.01,3.19,0.1,784.54,2.43,0.08,1.17,1.16,0.89,0.03,0.06,0.81,1.47,0.04,1.08,0.35,77170140,30746460,39.84,100.55
99.95,0.35,99.15,0.13,99.87,4823.22,1.38,0.51,1.38,0.72,1.95,0.72,79.49,0,165.79,0.94,0,0,0.03,0.01,3.16,0.1,787.06,2.32,0.07,1.13,1.13,0.86,0.03,0.05,0.78,1.45,0.04,1.06,0.35,75845397,30212575,39.83,99.92
99.95,0.35,99.15,0.13,99.87,4822.7,1.38,0.52,1.38,0.72,1.94,0.72,79.39,0,165.84,0.91,0.01,0,0.03,0.01,3.25,0.11,784.64,2.35,0.06,1.13,1.13,0.87,0.03,0.05,0.79,1.47,0.04,1.1,0.34,77364924,30644648,39.61,100.42
99.95,0.48,99.01,0.2,99.8,4822.75,1.38,0.57,1.38,0.72,1.74,0.72,79.38,0,165.77,0.89,0,0,0.03,0.01,3.36,0.11,785.75,2.3,0.07,1.13,1.11,0.86,0.03,0.05,0.77,1.44,0.05,1.05,0.34,78126879,31629156,40.48,100.48
99.94,0.43,99.06,0.16,99.84,4823.1,1.38,0.51,1.39,0.72,1.96,0.72,79.53,0,165.8,0.89,0.01,0,0.03,0.01,3.18,0.11,785.05,2.34,0.07,1.11,1.14,0.86,0.03,0.05,0.78,1.45,0.04,1.05,0.36,76808000,30875730,40.2,100.75
99.95,0.38,99.11,0.14,99.86,4822.77,1.38,0.49,1.38,0.72,2.02,0.72,79.41,0,165.83,0.9,0.01,0,0.03,0.01,3.16,0.11,785.37,2.35,0.07,1.12,1.14,0.87,0.03,0.05,0.79,1.44,0.04,1.05,0.35,76757953,30594415,39.86,100.86
99.61,0.34,99.14,0.13,99.87,4822.65,1.39,0.52,1.39,0.72,1.92,0.72,79.43,0,165.88,0.93,0,0,0.03,0.01,3.05,0.1,786.02,2.33,0.07,1.14,1.14,0.87,0.04,0.05,0.78,1.46,0.05,1.05,0.36,76838284,30111568,39.19,100.38
98.72,0.36,99.12,0.13,99.87,4822.3,1.39,0.51,1.39,0.72,1.95,0.72,78.89,0,165.83,0.92,0,0,0.04,0.01,3.16,0.12,784.4,2.33,0.07,1.13,1.13,0.86,0.03,0.05,0.78,1.41,0.04,1.02,0.35,75480892,29737588,39.4,100.4
97.59,0.5,98.98,0.16,99.84,4822.09,1.4,0.45,1.4,0.72,2.21,0.71,78.39,0,165.89,0.93,0.01,0,0.04,0.01,3.28,0.12,785.65,2.27,0.07,1.12,1.1,0.85,0.03,0.05,0.76,1.4,0.05,1.01,0.34,73871425,29042732,39.32,100.34
99.95,0.36,99.13,0.13,99.87,4822.79,1.38,0.5,1.38,0.72,1.99,0.72,79.48,0,165.74,0.95,0,0,0.03,0.01,3.08,0.1,786.44,2.33,0.07,1.08,1.13,0.85,0.03,0.05,0.77,1.45,0.04,1.05,0.36,77417565,30872945,39.88,100.46
99.95,0.37,99.12,0.14,99.86,4822.39,1.38,0.51,1.38,0.72,1.95,0.72,79.39,0,165.94,0.9,0.01,0,0.03,0.01,3.1,0.1,783.82,2.36,0.07,1.14,1.15,0.88,0.03,0.05,0.8,1.44,0.04,1.05,0.35,77434393,30608183,39.53,100.67
99.94,0.38,99.09,0.14,99.86,4822.91,1.38,0.5,1.38,0.72,2.01,0.72,79.48,0,165.79,0.91,0,0,0.03,0.01,3.07,0.09,784.19,2.36,0.07,1.11,1.15,0.88,0.03,0.06,0.79,1.48,0.04,1.08,0.36,77253104,30622153,39.64,100.72
99.94,0.38,99.11,0.14,99.86,4822.84,1.38,0.5,1.38,0.72,1.99,0.72,79.49,0,165.92,0.9,0,0,0.03,0.01,3.21,0.11,785.67,2.35,0.07,1.1,1.14,0.87,0.03,0.05,0.79,1.42,0.04,1.03,0.35,75402436,29566714,39.21,99.89
99.95,0.38,99.12,0.14,99.86,4822.81,1.38,0.51,1.38,0.73,1.98,0.72,79.27,0,165.73,0.92,0.01,0,0.04,0.01,3.29,0.12,783.44,2.28,0.08,1.15,1.11,0.84,0.03,0.05,0.76,1.45,0.05,1.06,0.34,75625036,30239304,39.99,100.03
99.95,0.4,99.09,0.15,99.85,4822.89,1.38,0.5,1.38,0.73,2,0.72,79.36,0,165.78,0.94,0,0,0.03,0.01,3.1,0.1,785.69,2.44,0.08,1.14,1.18,0.89,0.03,0.05,0.82,1.46,0.04,1.06,0.37,79082582,30970837,39.16,100.5
99.95,0.33,99.16,0.13,99.87,4822.82,1.38,0.53,1.38,0.72,1.89,0.72,79.51,0,165.81,0.92,0,0,0.03,0.01,3.15,0.11,785.98,2.37,0.06,1.11,1.15,0.87,0.03,0.05,0.8,1.43,0.04,1.04,0.36,76140355,29620254,38.9,99.62
99.95,0.41,99.08,0.15,99.85,4822.94,1.38,0.49,1.38,0.73,2.04,0.72,79.33,0,165.81,0.9,0.01,0,0.04,0.01,3.27,0.12,784.36,2.29,0.07,1.13,1.11,0.84,0.03,0.05,0.77,1.4,0.04,1.02,0.35,77115224,30567638,39.64,100.19
99.94,0.37,99.12,0.13,99.87,4822.88,1.38,0.51,1.38,0.72,1.98,0.72,79.49,0,165.75,0.92,0,0,0.03,0.01,3.07,0.1,785.86,2.3,0.08,1.15,1.11,0.84,0.03,0.05,0.77,1.41,0.04,1.03,0.35,78283653,30847874,39.41,100.21
99.95,0.35,99.14,0.13,99.87,4823.01,1.38,0.52,1.39,0.72,1.92,0.72,79.55,0,165.92,0.92,0,0,0.03,0.01,3.1,0.1,785.94,2.35,0.06,1.1,1.15,0.88,0.03,0.05,0.8,1.44,0.04,1.05,0.35,75231128,29987500,39.86,99.84
99.6,0.35,99.15,0.13,99.87,4823.18,1.38,0.52,1.38,0.73,1.94,0.72,79.02,0,165.74,0.91,0.01,0,0.03,0.01,3.23,0.11,784.43,2.37,0.07,1.14,1.15,0.88,0.03,0.06,0.8,1.42,0.04,1.03,0.35,75955375,29584789,38.95,99.74
99.36,0.4,99.1,0.14,99.86,4822.95,1.39,0.48,1.39,0.72,2.08,0.72,79.32,0,165.87,0.91,0,0,0.03,0.01,3.08,0.1,786.31,2.3,0.07,1.13,1.12,0.86,0.03,0.06,0.77,1.44,0.04,1.05,0.35,76651562,29790514,38.86,99.47
97.27,0.39,99.09,0.14,99.86,4823.33,1.4,0.49,1.4,0.71,2.02,0.71,78.39,0,165.9,0.86,0.01,0,0.04,0.01,3.23,0.13,783.32,2.36,0.07,1.11,1.15,0.88,0.03,0.05,0.8,1.45,0.04,1.06,0.35,76610786,29424510,38.41,100.53
99.43,0.39,99.11,0.14,99.86,4823.35,1.38,0.5,1.39,0.72,2.01,0.72,79.13,0,165.79,0.92,0,0,0.03,0.01,3.12,0.09,786.72,2.23,0.07,1.17,1.1,0.84,0.03,0.05,0.75,1.42,0.04,1.03,0.35,75408407,29981451,39.76,99.96
99.94,0.44,99.05,0.16,99.84,4823,1.38,0.5,1.39,0.72,2.01,0.72,79.49,0,165.82,0.89,0,0,0.03,0.01,3.12,0.1,786.11,2.38,0.06,1.1,1.16,0.87,0.03,0.05,0.79,1.43,0.04,1.03,0.36,77993457,31244172,40.06,100.65
99.95,0.4,99.09,0.14,99.86,4823.04,1.38,0.49,1.38,0.73,2.02,0.72,79.25,0,165.71,0.94,0.01,0,0.03,0.01,3.27,0.11,784.66,2.4,0.08,1.14,1.17,0.89,0.03,0.05,0.81,1.45,0.04,1.05,0.36,76657065,30816398,40.2,100.82
99.95,0.35,99.14,0.13,99.87,4822.89,1.38,0.51,1.38,0.73,1.95,0.72,79.37,0,165.78,0.95,0,0,0.03,0.01,3.05,0.1,786.38,2.36,0.08,1.09,1.15,0.87,0.03,0.05,0.79,1.45,0.05,1.04,0.36,75836703,30480420,40.19,100.51
99.95,0.38,99.11,0.14,99.86,4823.12,1.38,0.5,1.39,0.72,1.98,0.72,79.54,0,165.82,0.87,0,0,0.03,0.01,3.1,0.09,786.05,2.43,0.07,1.12,1.18,0.89,0.03,0.05,0.81,1.46,0.04,1.05,0.37,76319773,30253147,39.64,99.83
99.95,0.35,99.14,0.13,99.87,4823.02,1.38,0.52,1.38,0.73,1.94,0.72,79.35,0,165.87,0.91,0.01,0,0.03,0.01,3.24,0.11,784.42,2.32,0.07,1.14,1.13,0.85,0.03,0.05,0.77,1.43,0.04,1.04,0.36,75257471,29886733,39.71,100.29
99.95,0.39,99.1,0.14,99.86,4823.1,1.38,0.49,1.38,0.73,2.04,0.72,79.37,0,165.8,0.92,0,0,0.04,0.01,3.17,0.13,785.97,2.45,0.08,1.11,1.17,0.9,0.04,0.05,0.81,1.47,0.06,1.06,0.36,77238510,30707268,39.76,100.3
99.94,0.37,99.12,0.13,99.87,4823.03,1.38,0.49,1.38,0.72,2.03,0.72,79.46,0,166.04,0.89,0.01,0,0.04,0.01,3.22,0.12,782.96,2.38,0.09,1.11,1.17,0.88,0.03,0.06,0.79,1.47,0.04,1.06,0.37,76345011,29894177,39.16,99.47
99.95,0.34,99.15,0.13,99.87,4822.99,1.38,0.52,1.38,0.72,1.92,0.72,79.41,0,165.71,0.92,0,0,0.03,0.01,3.16,0.1,786.86,2.37,0.07,1.13,1.17,0.88,0.04,0.06,0.79,1.51,0.05,1.09,0.37,77765916,30856579,39.68,100.5
99.95,0.35,99.14,0.13,99.87,4822.72,1.38,0.5,1.38,0.72,1.98,0.72,79.4,0,165.87,0.93,0,0,0.04,0.01,3.18,0.14,785,2.28,0.07,1.13,1.11,0.85,0.03,0.05,0.77,1.44,0.04,1.06,0.34,76572390,30116392,39.33,99.85
99.95,0.35,99.14,0.13,99.87,4823.04,1.38,0.51,1.38,0.73,1.95,0.72,79.26,0,165.77,0.94,0.01,0,0.03,0.01,3.15,0.1,784.56,2.33,0.07,1.12,1.13,0.86,0.03,0.05,0.79,1.38,0.04,1,0.35,77039295,30795441,39.97,100.59
98.58,0.42,99.06,0.14,99.86,4823.28,1.39,0.48,1.39,0.72,2.1,0.72,78.77,0,165.8,0.96,0,0,0.04,0.01,3.32,0.12,787.14,2.31,0.09,1.13,1.12,0.86,0.03,0.05,0.78,1.42,0.05,1.03,0.34,76281935,30046710,39.39,100.02
99.6,0.38,99.11,0.14,99.86,4823.31,1.38,0.52,1.39,0.72,1.94,0.72,79.35,0,165.82,0.93,0,0,0.03,0.01,3.07,0.1,786.02,2.4,0.1,1.19,1.15,0.88,0.03,0.05,0.8,1.42,0.04,1.03,0.35,76835622,30728557,39.99,100.18
97.67,0.41,99.05,0.15,99.85,4822.5,1.4,0.49,1.4,0.72,2.04,0.71,78.44,0,165.82,0.91,0.01,0,0.04,0.01,3.29,0.14,784.58,2.38,0.07,1.15,1.15,0.87,0.03,0.05,0.8,1.43,0.04,1.03,0.36,75295269,29640397,39.37,100.1
99.95,0.36,99.13,0.14,99.86,4822.95,1.38,0.52,1.38,0.72,1.92,0.72,79.5,0,165.76,0.92,0,0,0.03,0.01,3.04,0.09,786.93,2.4,0.07,1.13,1.17,0.9,0.04,0.06,0.8,1.52,0.07,1.09,0.37,76037520,30509111,40.12,99.95
99.95,0.39,99.09,0.14,99.86,4822.99,1.38,0.49,1.38,0.72,2.06,0.72,79.46,0,165.93,0.93,0,0,0.03,0.01,3.07,0.1,783.6,2.35,0.06,1.1,1.13,0.87,0.03,0.05,0.79,1.49,0.04,1.11,0.35,78007785,31472169,40.34,101.23
99.95,0.36,99.13,0.13,99.87,4823.16,1.38,0.51,1.38,0.72,1.96,0.72,79.44,0,165.78,0.9,0.01,0,0.03,0.01,3.13,0.1,784.58,2.35,0.11,1.13,1.14,0.91,0.05,0.06,0.8,1.51,0.07,1.09,0.34,78417251,31142854,39.71,100.57
99.95,0.41,99.08,0.14,99.86,4822.5,1.38,0.49,1.38,0.72,2.06,0.72,79.45,0,165.85,0.9,0,0,0.03,0.01,3.15,0.11,784.28,2.31,0.08,1.14,1.12,0.85,0.03,0.05,0.77,1.41,0.04,1.03,0.35,77294222,30576655,39.56,100.37
99.95,0.35,99.14,0.13,99.87,4823.16,1.38,0.52,1.38,0.72,1.93,0.72,79.47,0,165.8,0.93,0.01,0,0.03,0.01,3.16,0.1,784.22,2.26,0.06,1.12,1.1,0.84,0.03,0.05,0.77,1.4,0.04,1.03,0.34,76898058,30329796,39.44,100.4
99.95,0.36,99.12,0.13,99.87,4823.01,1.38,0.51,1.38,0.72,1.97,0.72,79.43,0,165.8,0.89,0,0,0.04,0.01,3.19,0.13,784.69,2.42,0.1,1.16,1.15,0.87,0.03,0.05,0.78,1.46,0.04,1.06,0.36,78053441,31098893,39.84,100.61
99.94,0.43,99.06,0.16,99.84,4823.09,1.38,0.52,1.39,0.72,1.91,0.72,79.53,0,166.01,0.88,0.01,0,0.04,0.01,3.17,0.11,783.85,2.28,0.06,1.12,1.12,0.85,0.03,0.05,0.77,1.45,0.04,1.06,0.35,77254484,30772755,39.83,100.1
99.95,0.32,99.16,0.13,99.87,4822.73,1.38,0.54,1.38,0.73,1.86,0.72,79.26,0,165.84,0.91,0.01,0,0.04,0.01,3.29,0.12,784.2,2.42,0.06,1.12,1.19,0.89,0.03,0.05,0.81,1.43,0.04,1.02,0.37,76867956,30135075,39.2,99.99
99.94,0.39,99.1,0.14,99.86,4822.86,1.38,0.5,1.38,0.72,1.99,0.72,79.5,0,165.88,0.94,0,0,0.03,0.01,3.14,0.1,785.63,2.39,0.1,1.14,1.17,0.89,0.04,0.06,0.8,1.46,0.04,1.05,0.36,75608519,30573513,40.44,100.03
99.94,0.38,99.1,0.14,99.86,4822.97,1.38,0.5,1.38,0.72,2.01,0.72,79.47,0,165.82,0.91,0.01,0,0.03,0.01,3.11,0.1,784.16,2.33,0.07,1.15,1.14,0.86,0.03,0.05,0.78,1.42,0.04,1.03,0.35,78784074,30969239,39.31,100.8
99.6,0.35,99.13,0.14,99.86,4823.17,1.38,0.52,1.38,0.72,1.91,0.72,79.25,0,165.77,0.96,0.01,0,0.03,0.01,3.09,0.09,786.59,2.32,0.07,1.17,1.13,0.86,0.03,0.05,0.78,1.45,0.04,1.06,0.35,76230210,30297559,39.74,100.09
98.89,0.45,99.02,0.17,99.83,4822.48,1.39,0.5,1.39,0.72,1.98,0.72,79.06,0,165.92,0.91,0,0,0.04,0.01,3.1,0.13,784.24,2.33,0.07,1.12,1.13,0.87,0.03,0.05,0.79,1.41,0.04,1.03,0.34,76658273,30025130,39.17,100.03
98.24,0.39,99.09,0.14,99.86,4823.55,1.39,0.49,1.39,0.72,2.05,0.72,78.58,0,165.78,0.95,0.01,0,0.03,0.01,3.07,0.1,785.62,2.35,0.07,1.12,1.14,0.88,0.03,0.06,0.79,1.42,0.04,1.03,0.35,76752747,30264455,39.43,100.5
98.92,0.37,99.12,0.13,99.87,4822.73,1.39,0.5,1.39,0.72,1.99,0.72,78.95,0,165.78,0.94,0.01,0,0.04,0.01,3.15,0.12,786.77,2.39,0.07,1.15,1.17,0.89,0.04,0.05,0.81,1.42,0.04,1.01,0.36,77249525,30114362,38.98,100.5
99.95,0.39,99.1,0.13,99.87,4823.47,1.38,0.47,1.38,0.73,2.11,0.72,79.38,0,165.79,0.92,0.01,0,0.03,0.01,3.14,0.11,785.06,2.36,0.07,1.15,1.15,0.89,0.03,0.06,0.8,1.43,0.04,1.04,0.35,76960044,30097685,39.11,99.98
99.95,0.36,99.14,0.13,99.87,4823.66,1.38,0.51,1.38,0.73,1.96,0.72,79.35,0,165.76,0.94,0.01,0,0.03,0.01,3.09,0.1,785.31,2.29,0.07,1.15,1.11,0.86,0.03,0.05,0.78,1.41,0.04,1.03,0.34,76684751,30387787,39.63,100.36
99.95,0.4,99.1,0.14,99.86,4823.32,1.38,0.48,1.39,0.72,2.08,0.72,79.52,0,165.81,0.91,0,0,0.03,0.01,3.09,0.1,786.49,2.34,0.07,1.16,1.15,0.86,0.03,0.05,0.78,1.46,0.04,1.06,0.37,78128432,30512633,39.05,99.75
99.95,0.36,99.14,0.13,99.87,4823.08,1.38,0.52,1.38,0.73,1.94,0.72,79.37,0,165.67,0.96,0.01,0,0.03,0.01,3.05,0.1,784.93,2.34,0.07,1.17,1.14,0.87,0.04,0.05,0.78,1.44,0.04,1.04,0.36,75938784,30088037,39.62,99.93
99.94,0.34,99.15,0.13,99.87,4823.51,1.38,0.53,1.38,0.73,1.88,0.73,79.18,0,165.65,0.94,0.01,0,0.03,0.01,3.07,0.09,787.15,2.41,0.08,1.16,1.18,0.9,0.03,0.05,0.81,1.44,0.04,1.03,0.37,77531813,30396263,39.2,100.23
99.95,0.36,99.13,0.13,99.87,4822.93,1.38,0.5,1.38,0.72,2,0.72,79.43,0,165.76,0.95,0,0,0.03,0.01,3.11,0.09,785.43,2.44,0.07,1.11,1.19,0.89,0.03,0.05,0.82,1.42,0.04,1,0.37,77143417,30635113,39.71,100.44
99.95,0.34,99.15,0.13,99.87,4823.21,1.38,0.52,1.38,0.73,1.91,0.72,79.38,0,165.76,0.91,0.01,0,0.04,0.01,3.2,0.11,785.11,2.26,0.07,1.11,1.1,0.84,0.03,0.05,0.76,1.46,0.04,1.07,0.35,76698870,30325294,39.54,99.94
99.95,0.4,99.1,0.14,99.86,4823.16,1.38,0.49,1.39,0.72,2.04,0.72,79.53,0,165.94,0.9,0,0,0.03,0.01,3.03,0.09,785.53,2.33,0.08,1.13,1.15,0.86,0.03,0.05,0.78,1.42,0.04,1.01,0.37,75794957,30127337,39.75,99.96
99.94,0.34,99.15,0.13,99.87,4823.05,1.38,0.52,1.38,0.73,1.91,0.72,79.28,0,165.67,0.93,0.01,0,0.03,0.01,3.18,0.1,784.91,2.28,0.06,1.13,1.12,0.84,0.03,0.05,0.77,1.39,0.04,1.01,0.35,74554746,29736090,39.88,99.91
99.95,0.38,99.12,0.14,99.86,4823.14,1.38,0.5,1.38,0.73,1.98,0.72,79.25,0,165.65,0.95,0.01,0,0.04,0.01,3.21,0.11,785.67,2.3,0.07,1.14,1.12,0.87,0.04,0.06,0.77,1.46,0.04,1.07,0.35,76103503,30143440,39.61,99.68
99.09,0.36,99.1,0.14,99.86,4823.36,1.39,0.51,1.39,0.72,1.94,0.72,79.19,0,166.03,0.91,0,0,0.03,0.01,3.08,0.1,784.28,2.35,0.08,1.11,1.13,0.87,0.03,0.06,0.78,1.47,0.04,1.08,0.35,76990973,29906710,38.84,99.2
98.03,0.4,99.05,0.15,99.85,4823.76,1.39,0.5,1.39,0.72,2,0.72,78.51,0,165.7,0.92,0.01,0,0.03,0.01,3.19,0.1,786.58,2.3,0.07,1.12,1.12,0.86,0.03,0.05,0.78,1.45,0.04,1.07,0.34,77686747,29677958,38.2,99.99
98.64,0.4,99.08,0.14,99.86,4823.14,1.39,0.49,1.39,0.72,2.05,0.72,78.85,0,165.8,0.9,0.01,0,0.04,0.01,3.22,0.12,785,2.39,0.08,1.14,1.15,0.89,0.03,0.05,0.81,1.44,0.04,1.05,0.35,74785823,29541982,39.5,99.89
99.94,0.4,99.08,0.15,99.85,4823.22,1.38,0.5,1.38,0.72,2.02,0.72,79.41,0,165.77,0.9,0,0,0.03,0.01,3.07,0.09,786.3,2.38,0.07,1.13,1.14,0.88,0.03,0.05,0.8,1.44,0.04,1.06,0.34,76264024,30674703,40.22,100.28
99.95,0.37,99.13,0.13,99.87,4822.69,1.38,0.5,1.38,0.73,1.99,0.72,79.36,0,165.81,0.89,0.01,0,0.03,0.01,3.18,0.1,785.07,2.31,0.07,1.13,1.13,0.87,0.03,0.05,0.78,1.43,0.04,1.05,0.34,75288336,30072117,39.94,99.87
99.95,0.37,99.13,0.13,99.87,4822.81,1.38,0.5,1.38,0.73,2,0.72,79.34,0,165.86,0.94,0.01,0,0.03,0.01,3.12,0.1,785.58,2.32,0.08,1.16,1.12,0.85,0.03,0.05,0.77,1.43,0.04,1.04,0.35,74485525,29083137,39.05,99.43
99.95,0.35,99.15,0.13,99.87,4822.69,1.38,0.51,1.38,0.72,1.96,0.72,79.5,0,165.85,0.89,0,0,0.04,0.01,3.14,0.11,785.97,2.38,0.06,1.11,1.16,0.88,0.03,0.05,0.8,1.43,0.04,1.04,0.36,76855081,30032931,39.08,99.41
99.95,0.33,99.16,0.13,99.87,4822.88,1.38,0.53,1.38,0.73,1.89,0.72,79.3,0,165.81,0.92,0.01,0,0.03,0.01,3.2,0.1,784.08,2.36,0.07,1.12,1.16,0.89,0.03,0.06,0.8,1.46,0.05,1.04,0.37,78265432,30544449,39.03,100.02
99.95,0.48,99.01,0.18,99.82,4823.29,1.38,0.52,1.38,0.73,1.94,0.72,79.38,0,165.81,0.94,0,0,0.03,0.01,3.14,0.11,785.96,2.41,0.07,1.14,1.17,0.9,0.03,0.05,0.81,1.45,0.04,1.06,0.36,77985240,30826844,39.53,100.35
99.95,0.4,99.08,0.16,99.84,4823.08,1.38,0.53,1.39,0.72,1.88,0.72,79.59,0,166.09,0.89,0.01,0,0.04,0.01,3.24,0.13,781.61,2.35,0.07,1.13,1.12,0.86,0.03,0.05,0.78,1.46,0.05,1.07,0.34,76337464,30140327,39.48,99.95
99.95,0.38,99.1,0.14,99.86,4822.97,1.38,0.5,1.38,0.72,2.01,0.72,79.41,0,165.8,0.91,0.01,0,0.03,0.01,3.23,0.11,784.44,2.33,0.07,1.11,1.12,0.85,0.03,0.05,0.77,1.43,0.04,1.05,0.35,76388000,30311004,39.68,100.13
99.95,0.34,99.15,0.13,99.87,4822.88,1.38,0.53,1.38,0.72,1.9,0.72,79.45,0,165.8,0.91,0,0,0.03,0.01,3.07,0.09,786.18,2.35,0.07,1.15,1.15,0.87,0.03,0.05,0.79,1.44,0.04,1.04,0.36,77430078,30719218,39.67,100.22
99.95,0.43,99.06,0.16,99.84,4823,1.38,0.5,1.38,0.72,2.01,0.72,79.47,0,165.8,0.94,0.01,0,0.03,0.01,3.13,0.1,785.03,2.29,0.07,1.14,1.12,0.85,0.03,0.05,0.77,1.43,0.04,1.03,0.35,75634966,29740608,39.32,99.99
99.26,0.36,99.13,0.14,99.86,4823.44,1.38,0.53,1.39,0.72,1.89,0.72,79.12,0,165.88,0.92,0.01,0,0.03,0.01,3.17,0.1,785.71,2.5,0.07,1.13,1.22,0.94,0.04,0.06,0.85,1.46,0.04,1.04,0.37,77222305,30355021,39.31,100.13
98.93,0.41,99.07,0.14,99.86,4823.29,1.38,0.48,1.39,0.72,2.09,0.72,78.88,0,165.74,0.92,0,0,0.04,0.01,3.25,0.12,785.04,2.44,0.1,1.13,1.19,0.91,0.04,0.06,0.82,1.46,0.05,1.05,0.37,77589789,30252306,38.99,100.06
97.68,0.41,99.07,0.15,99.85,4823.13,1.39,0.49,1.4,0.72,2.05,0.72,78.37,0,165.87,0.94,0.01,0,0.03,0.01,3.16,0.11,784.76,2.44,0.07,1.12,1.18,0.9,0.03,0.05,0.81,1.43,0.04,1.02,0.37,75273420,29663139,39.41,99.74
99.78,0.33,99.17,0.13,99.87,4823.33,1.38,0.53,1.38,0.72,1.9,0.72,79.34,0,165.7,0.95,0,0,0.04,0.01,3.25,0.13,786.55,2.38,0.07,1.14,1.17,0.89,0.03,0.06,0.8,1.48,0.04,1.07,0.37,78441543,30641298,39.06,100.18
99.95,0.38,99.11,0.13,99.87,4822.85,1.38,0.49,1.38,0.72,2.05,0.72,79.4,0,165.7,0.89,0,0,0.03,0.01,3.12,0.09,786.55,2.37,0.07,1.12,1.16,0.88,0.03,0.06,0.8,1.49,0.04,1.08,0.37,78179328,30355986,38.83,99.45
99.95,0.37,99.12,0.13,99.87,4823.32,1.38,0.49,1.39,0.72,2.04,0.72,79.52,0,166,0.92,0.01,0,0.03,0.01,3.14,0.1,783.07,2.38,0.06,1.12,1.17,0.88,0.03,0.05,0.8,1.43,0.04,1.03,0.37,76512443,30385743,39.71,100.26
99.94,0.4,99.08,0.14,99.86,4823.46,1.38,0.49,1.38,0.73,2.03,0.72,79.32,0,165.73,0.9,0.01,0,0.03,0.01,3.12,0.1,785.81,2.39,0.07,1.14,1.16,0.88,0.03,0.05,0.81,1.43,0.04,1.04,0.36,77638370,30114131,38.79,100.15
99.95,0.35,99.14,0.13,99.87,4823.02,1.38,0.52,1.38,0.72,1.91,0.72,79.43,0,165.6,0.91,0.01,0,0.04,0.01,3.22,0.12,785.77,2.4,0.08,1.13,1.17,0.89,0.03,0.05,0.81,1.47,0.04,1.06,0.36,77426401,30490004,39.38,100.43
99.95,0.35,99.14,0.13,99.87,4822.88,1.38,0.51,1.38,0.72,1.97,0.72,79.4,0,165.76,0.92,0.01,0,0.03,0.01,3.09,0.09,786.18,2.35,0.06,1.12,1.15,0.88,0.03,0.05,0.79,1.43,0.04,1.02,0.36,75395365,29599105,39.26,99.72
99.95,0.41,99.08,0.14,99.86,4823.17,1.38,0.47,1.38,0.72,2.12,0.72,79.43,0,165.8,0.91,0,0,0.03,0.01,3.12,0.1,786.44,2.38,0.07,1.12,1.15,0.87,0.03,0.05,0.79,1.45,0.04,1.04,0.36,76600972,30049017,39.23,99.7
99.95,0.36,99.14,0.13,99.87,4823.46,1.38,0.51,1.38,0.72,1.95,0.72,79.39,0,165.66,0.9,0.01,0,0.03,0.01,3.19,0.11,786.75,2.3,0.06,1.14,1.12,0.85,0.03,0.05,0.77,1.41,0.05,1.01,0.35,76390684,30586545,40.04,100.12
99.95,0.33,99.16,0.13,99.87,4823.35,1.38,0.53,1.38,0.73,1.87,0.72,79.38,0,165.83,0.94,0,0,0.03,0.01,3.12,0.09,786.48,2.36,0.07,1.16,1.14,0.86,0.03,0.05,0.78,1.41,0.04,1.02,0.35,77667971,30469462,39.23,100.22
99.94,0.39,99.09,0.15,99.85,4823.58,1.38,0.53,1.39,0.72,1.9,0.72,79.6,0,165.83,0.88,0,0,0.03,0.01,3.16,0.1,785.26,2.28,0.07,1.13,1.12,0.84,0.03,0.05,0.77,1.41,0.04,1.02,0.35,76271744,29950671,39.27,100.24
99.94,0.36,99.13,0.13,99.87,4822.58,1.38,0.51,1.38,0.73,1.97,0.72,79.29,0,165.79,0.92,0.01,0,0.03,0.01,3.17,0.11,784.71,2.29,0.06,1.16,1.12,0.85,0.03,0.05,0.77,1.41,0.04,1.03,0.35,76367786,29832842,39.06,100.08
98.93,0.36,99.13,0.13,99.87,4822.95,1.39,0.51,1.39,0.72,1.95,0.72,79.05,0,165.8,0.92,0,0,0.03,0.01,3.08,0.09,786.44,2.4,0.08,1.15,1.17,0.89,0.03,0.05,0.81,1.43,0.04,1.03,0.36,76691727,30219821,39.4,100.11
98.47,0.42,99.07,0.15,99.85,4822.85,1.39,0.48,1.39,0.72,2.08,0.72,78.76,0,165.8,0.92,0.01,0,0.03,0.01,3.12,0.1,787.16,2.32,0.07,1.1,1.14,0.88,0.04,0.06,0.79,1.47,0.06,1.06,0.35,76702108,29969632,39.07,100
98.72,0.38,99.1,0.14,99.86,4823.78,1.39,0.5,1.39,0.72,1.98,0.72,78.77,0,165.68,0.92,0.01,0,0.04,0.01,3.23,0.12,785.94,2.33,0.08,1.16,1.14,0.86,0.03,0.05,0.78,1.42,0.04,1.03,0.36,76323783,29897373,39.17,99.86
99.94,0.37,99.11,0.15,99.85,4823.41,1.38,0.54,1.38,0.72,1.84,0.72,79.41,0,165.75,0.94,0,0,0.03,0.01,3.12,0.11,786.16,2.33,0.06,1.13,1.14,0.88,0.03,0.05,0.79,1.45,0.04,1.07,0.34,76651835,30339065,39.58,100.35
99.95,0.36,99.08,0.13,99.87,4823.06,1.38,0.49,1.39,0.72,2.04,0.72,79.5,0,166,0.89,0.01,0,0.03,0.01,3.16,0.09,784.19,2.31,0.06,1.14,1.13,0.86,0.03,0.05,0.78,1.46,0.04,1.06,0.36,75130340,29290834,38.99,99.17
99.94,0.42,99.06,0.16,99.84,4823.4,1.38,0.51,1.38,0.73,1.94,0.72,79.27,0,165.85,0.93,0,0,0.03,0.01,3.12,0.1,786.64,2.29,0.07,1.14,1.12,0.84,0.03,0.05,0.77,1.42,0.04,1.03,0.36,75024123,29869656,39.81,99.78
99.95,0.35,99.12,0.13,99.87,4823.33,1.38,0.51,1.38,0.72,1.94,0.72,79.41,0,165.85,0.91,0,0,0.03,0.01,3.08,0.1,785.89,2.31,0.07,1.14,1.13,0.85,0.03,0.05,0.77,1.45,0.05,1.04,0.37,77480921,30764245,39.71,99.6
99.94,0.37,99.12,0.14,99.86,4823.5,1.38,0.51,1.38,0.73,1.94,0.72,79.2,0,165.98,0.96,0.01,0,0.04,0.01,3.35,0.15,784.03,2.29,0.09,1.19,1.11,0.85,0.03,0.05,0.76,1.4,0.05,1,0.35,76797007,30463646,39.67,100.63
99.95,0.38,99.11,0.14,99.86,4823.37,1.38,0.52,1.38,0.72,1.92,0.72,79.39,0,165.78,0.9,0,0,0.03,0.01,3.17,0.09,785.02,2.38,0.07,1.12,1.16,0.89,0.03,0.05,0.81,1.47,0.04,1.08,0.35,78213070,30459316,38.94,100.76
99.95,0.36,99.13,0.14,99.86,4822.83,1.38,0.51,1.39,0.72,1.94,0.72,79.55,0,165.91,0.93,0,0,0.03,0.01,3.13,0.09,787.03,2.43,0.07,1.14,1.18,0.89,0.03,0.05,0.81,1.46,0.04,1.06,0.37,77268948,30133287,39,99.9
99.95,0.35,99.14,0.13,99.87,4823.2,1.38,0.52,1.38,0.73,1.92,0.72,79.3,0,165.85,0.93,0.01,0,0.04,0.01,3.25,0.12,783.94,2.38,0.06,1.13,1.16,0.89,0.03,0.05,0.81,1.4,0.04,1.01,0.35,76563361,29974521,39.15,100.42
99.94,0.38,99.11,0.14,99.86,4823.43,1.38,0.51,1.38,0.73,1.96,0.72,79.33,0,165.84,0.92,0,0,0.03,0.01,3.06,0.09,786,2.38,0.07,1.12,1.16,0.89,0.03,0.05,0.8,1.45,0.05,1.05,0.35,76882648,30575896,39.77,99.93
99.94,0.34,99.14,0.13,99.87,4823.62,1.38,0.53,1.38,0.72,1.89,0.72,79.44,0,165.78,0.95,0.01,0,0.03,0.01,3.26,0.11,785.17,2.39,0.09,1.14,1.15,0.88,0.03,0.05,0.79,1.48,0.04,1.08,0.36,78046197,31074766,39.82,100.28
99.25,0.36,99.13,0.13,99.87,4823.53,1.39,0.52,1.39,0.72,1.94,0.72,79.15,0,165.64,0.91,0,0,0.03,0.01,3.13,0.1,785.48,2.31,0.06,1.13,1.12,0.86,0.03,0.05,0.78,1.41,0.04,1.03,0.35,76565904,30266517,39.53,100.07
98.92,0.57,98.92,0.24,99.76,4823.81,1.39,0.6,1.39,0.72,1.67,0.72,79.06,0,165.95,0.91,0,0,0.03,0.01,3.12,0.09,785.97,2.53,0.07,1.13,1.23,0.94,0.03,0.05,0.86,1.44,0.04,1.03,0.38,76254510,29711929,38.96,100.14
97.73,0.42,99.05,0.15,99.85,4823.32,1.39,0.49,1.4,0.72,2.05,0.72,78.4,0,165.77,0.93,0.01,0,0.04,0.01,3.33,0.12,786.42,2.34,0.07,1.12,1.14,0.88,0.04,0.06,0.78,1.45,0.06,1.03,0.36,75954087,29808408,39.25,100.53
99.77,0.36,99.12,0.14,99.86,4824.01,1.38,0.52,1.38,0.72,1.94,0.72,79.32,0,165.78,0.93,0,0,0.03,0.01,3.15,0.11,786.09,2.31,0.07,1.14,1.13,0.86,0.03,0.05,0.77,1.42,0.04,1.02,0.35,76289435,30798056,40.37,100.63
99.95,0.35,99.14,0.13,99.87,4823.99,1.38,0.51,1.38,0.72,1.96,0.72,79.41,0,165.96,0.89,0.01,0,0.03,0.01,3.15,0.1,785.04,2.41,0.07,1.13,1.18,0.88,0.03,0.05,0.8,1.45,0.04,1.03,0.38,77838376,31132639,40,100.19
99.95,0.36,99.14,0.13,99.87,4823.4,1.38,0.51,1.38,0.73,1.95,0.72,79.29,0,165.8,0.92,0.01,0,0.03,0.01,3.2,0.1,785.56,2.32,0.06,1.15,1.14,0.86,0.03,0.05,0.78,1.44,0.04,1.04,0.36,75539831,30107358,39.86,100.01
99.95,0.37,99.12,0.13,99.87,4823.42,1.38,0.5,1.38,0.72,2,0.72,79.5,0,165.81,0.93,0,0,0.03,0.01,3.1,0.09,786.96,2.41,0.07,1.1,1.18,0.88,0.03,0.05,0.8,1.45,0.04,1.04,0.37,78118649,31065783,39.77,100.64
99.95,0.39,99.1,0.14,99.86,4823.95,1.38,0.49,1.38,0.73,2.06,0.72,79.38,0,165.91,0.9,0.01,0,0.03,0.01,3.26,0.11,784.16,2.31,0.07,1.13,1.14,0.85,0.03,0.05,0.77,1.44,0.04,1.04,0.37,75197761,30222505,40.19,99.6
99.94,0.39,99.09,0.14,99.86,4823.62,1.38,0.49,1.38,0.73,2.03,0.72,79.29,0,165.87,0.94,0,0,0.03,0.01,3.1,0.1,785.5,2.38,0.08,1.18,1.15,0.87,0.03,0.05,0.78,1.44,0.04,1.04,0.36,78359034,30961929,39.51,100.31
99.95,0.37,99.14,0.14,99.86,4823.69,1.38,0.5,1.38,0.73,1.98,0.72,79.4,0,165.83,0.9,0,0,0.03,0.01,3.15,0.09,785.65,2.45,0.07,1.13,1.19,0.92,0.04,0.05,0.83,1.43,0.05,1.02,0.37,76202602,29787664,39.09,99.39
99.95,0.78,98.71,0.39,99.61,4822.97,1.38,0.69,1.39,0.72,1.44,0.72,79.46,0,165.96,0.97,0.01,0,0.04,0.01,3.74,0.16,780.94,2.37,0.11,1.16,1.13,0.87,0.03,0.06,0.77,1.49,0.05,1.08,0.36,81332131,33243491,40.87,101.19
99.95,0.38,99.11,0.15,99.85,4823.08,1.38,0.54,1.39,0.72,1.86,0.72,79.56,0,165.65,0.89,0,0,0.04,0.01,3.2,0.13,787.38,2.41,0.07,1.1,1.18,0.89,0.03,0.05,0.81,1.48,0.04,1.07,0.37,76735490,30504981,39.75,100.4
99.95,0.59,98.9,0.24,99.76,4823.46,1.38,0.56,1.38,0.73,1.79,0.72,79.31,0,166,0.95,0.01,0,0.03,0.01,3.31,0.1,784.92,2.35,0.08,1.12,1.14,0.88,0.04,0.06,0.78,1.47,0.06,1.05,0.36,77481650,31057999,40.08,100.1
99.6,0.37,99.12,0.13,99.87,4823.8,1.38,0.5,1.38,0.72,2,0.72,79.2,0,165.7,0.91,0.01,0,0.03,0.01,3.27,0.1,784.09,2.39,0.07,1.1,1.16,0.89,0.03,0.05,0.81,1.44,0.04,1.05,0.35,77370568,30733930,39.72,100.49
99.25,0.57,98.91,0.22,99.78,4823.67,1.39,0.53,1.39,0.72,1.88,0.72,79.22,0,166.06,0.91,0,0,0.04,0.01,3.32,0.15,783.95,2.48,0.13,1.18,1.16,0.92,0.05,0.06,0.81,1.52,0.09,1.08,0.35,79914671,32831093,41.08,100.64
97.92,0.79,98.68,0.33,99.67,4823.55,1.39,0.58,1.4,0.72,1.74,0.72,78.48,0,165.85,0.99,0.01,0,0.05,0.01,3.98,0.2,784.76,2.54,0.13,1.15,1.21,0.96,0.06,0.07,0.84,1.53,0.11,1.05,0.38,81281787,33541840,41.27,101.27
98.93,0.4,99.08,0.15,99.85,4823.26,1.38,0.5,1.39,0.72,2,0.72,78.82,0,165.89,0.93,0.01,0,0.04,0.01,3.21,0.12,786.05,2.38,0.11,1.14,1.14,0.89,0.04,0.06,0.79,1.46,0.05,1.06,0.35,78103301,31658642,40.53,100.55
99.95,0.34,99.15,0.13,99.87,4823.53,1.38,0.52,1.38,0.72,1.92,0.72,79.48,0,165.9,0.89,0,0,0.03,0.01,3.07,0.09,785.48,2.32,0.07,1.14,1.14,0.86,0.03,0.05,0.78,1.45,0.04,1.05,0.36,78203992,30947067,39.57,100.19
99.95,0.34,99.15,0.13,99.87,4823.49,1.38,0.52,1.38,0.72,1.91,0.72,79.45,0,165.79,0.92,0.01,0,0.03,0.01,3.15,0.11,784.89,2.35,0.08,1.12,1.14,0.88,0.04,0.06,0.79,1.42,0.05,1.02,0.35,77540289,30799963,39.72,100.34
99.94,0.33,99.15,0.13,99.87,4823.74,1.38,0.54,1.38,0.73,1.86,0.72,79.35,0,165.71,0.92,0,0,0.04,0.01,3.3,0.13,785.52,2.38,0.08,1.12,1.14,0.89,0.04,0.06,0.79,1.53,0.06,1.11,0.36,79823525,31668986,39.67,101.01
99.94,0.8,98.68,0.36,99.64,4823.52,1.38,0.61,1.39,0.72,1.63,0.72,79.5,0,165.5,0.93,0,0,0.05,0.01,3.71,0.18,782.9,2.52,0.15,1.18,1.19,0.97,0.07,0.08,0.83,1.61,0.13,1.11,0.36,81444131,34284235,42.1,101.42
99.95,0.37,99.12,0.14,99.86,4823.28,1.37,0.52,1.38,0.73,1.92,0.73,79.13,0,165.79,0.9,0.01,0,0.03,0.01,3.17,0.1,784.47,2.42,0.08,1.13,1.18,0.9,0.03,0.05,0.81,1.43,0.04,1.03,0.36,77193192,30814978,39.92,100.93
99.95,0.43,99.06,0.15,99.85,4823.52,1.38,0.48,1.38,0.73,2.08,0.72,79.31,0,165.82,0.96,0,0,0.04,0.01,3.07,0.11,786.49,2.36,0.09,1.11,1.15,0.88,0.04,0.06,0.79,1.48,0.05,1.06,0.36,76688263,30662790,39.98,99.96
99.95,0.41,99.09,0.14,99.86,4823.36,1.38,0.48,1.38,0.73,2.09,0.72,79.25,0,165.76,0.91,0.01,0,0.04,0.01,3.2,0.13,784.86,2.48,0.07,1.14,1.21,0.92,0.03,0.05,0.83,1.43,0.04,1.02,0.37,78365968,30966087,39.51,100
99.95,0.39,99.09,0.14,99.86,4822.93,1.38,0.49,1.38,0.72,2.04,0.72,79.4,0,165.91,0.9,0.01,0,0.03,0.01,3.16,0.11,783.51,2.43,0.08,1.09,1.18,0.9,0.03,0.05,0.82,1.44,0.04,1.03,0.37,77297400,30595116,39.58,100.02
99.94,0.85,98.63,0.36,99.64,4823.27,1.37,0.58,1.38,0.73,1.72,0.72,79.1,0,165.91,0.98,0,0,0.04,0.01,3.62,0.15,783.57,2.73,0.14,1.17,1.24,0.96,0.04,0.07,0.86,1.57,0.07,1.12,0.38,83026065,33720040,40.61,101.03
99.94,0.36,99.12,0.14,99.86,4823.45,1.38,0.51,1.38,0.73,1.96,0.72,79.35,0,165.72,0.93,0.01,0,0.03,0.01,3.1,0.11,785.88,2.35,0.07,1.14,1.14,0.87,0.03,0.05,0.79,1.45,0.04,1.06,0.35,77415394,30823491,39.82,100.06
99.32,0.39,99.09,0.14,99.86,4823.91,1.38,0.5,1.39,0.72,2,0.72,79.18,0,165.82,0.93,0,0,0.04,0.01,3.17,0.12,787.02,2.32,0.06,1.09,1.13,0.88,0.04,0.06,0.78,1.47,0.05,1.07,0.35,78216471,31399499,40.14,100.8
98.98,0.4,99.09,0.14,99.86,4823.15,1.39,0.49,1.39,0.72,2.03,0.72,79.09,0,165.82,0.89,0,0,0.04,0.01,3.15,0.12,785.84,2.35,0.11,1.15,1.13,0.89,0.04,0.06,0.79,1.46,0.05,1.06,0.34,77601784,30476864,39.27,99.82
97.56,0.46,99.02,0.16,99.84,4823.07,1.39,0.47,1.4,0.72,2.12,0.72,78.23,0,165.68,0.97,0.01,0,0.04,0.01,3.2,0.13,786.2,2.36,0.1,1.17,1.14,0.88,0.04,0.06,0.79,1.43,0.05,1.03,0.35,75583660,29772749,39.39,99.88
99.94,0.65,98.79,0.32,99.68,4823.49,1.38,0.67,1.39,0.72,1.5,0.72,79.53,0,166.1,0.99,0,0,0.06,0.01,3.67,0.22,783.29,2.52,0.15,1.17,1.18,0.93,0.05,0.07,0.82,1.49,0.08,1.04,0.36,81639559,33729264,41.31,101.16
99.94,0.41,99.07,0.15,99.85,4823.44,1.38,0.49,1.39,0.72,2.04,0.72,79.52,0,165.99,0.88,0,0,0.04,0.01,3.08,0.11,784.39,2.35,0.07,1.14,1.14,0.86,0.03,0.05,0.78,1.42,0.04,1.03,0.35,77780325,30914004,39.75,100.76
99.94,0.38,99.09,0.14,99.86,4823.31,1.38,0.49,1.38,0.73,2.04,0.72,79.36,0,165.75,0.91,0.01,0,0.04,0.01,3.2,0.14,785.19,2.35,0.09,1.17,1.13,0.87,0.03,0.05,0.78,1.4,0.04,1,0.35,76687524,30669878,39.99,100.44
99.95,0.46,99.01,0.17,99.83,4823.21,1.38,0.5,1.38,0.72,2.02,0.72,79.39,0,165.92,0.93,0,0,0.04,0.01,3.14,0.13,787.36,2.48,0.09,1.12,1.22,0.93,0.03,0.06,0.84,1.49,0.04,1.06,0.38,78236276,30975112,39.59,100.29
99.95,0.46,99.03,0.16,99.84,4823.11,1.38,0.47,1.38,0.73,2.13,0.72,79.34,0,165.91,0.92,0,0,0.04,0.01,3.16,0.14,786.18,2.36,0.09,1.18,1.13,0.86,0.03,0.05,0.78,1.42,0.05,1.02,0.35,77366157,31684690,40.95,100.44
99.94,0.86,98.63,0.45,99.55,4823.46,1.38,0.72,1.39,0.72,1.39,0.72,79.45,0,165.6,0.99,0.01,0,0.04,0.01,3.68,0.16,781.09,2.37,0.14,1.18,1.15,0.92,0.05,0.07,0.8,1.48,0.07,1.06,0.34,82610325,34339234,41.57,101.55
99.95,0.43,99.05,0.15,99.85,4823.1,1.38,0.46,1.38,0.73,2.18,0.72,79.33,0,165.76,0.94,0,0,0.04,0.01,3.02,0.12,787.42,2.44,0.08,1.12,1.17,0.89,0.03,0.05,0.81,1.41,0.04,1.02,0.35,76107456,30916868,40.62,100.68
99.94,0.38,99.11,0.14,99.86,4823.51,1.38,0.49,1.38,0.72,2.04,0.72,79.41,0,165.7,0.91,0.01,0,0.04,0.01,3.1,0.13,784.77,2.39,0.08,1.18,1.16,0.89,0.03,0.05,0.81,1.43,0.04,1.03,0.35,77852728,31125952,39.98,100.5
99.94,0.41,99.08,0.14,99.86,4822.99,1.38,0.48,1.39,0.72,2.08,0.72,79.51,0,165.95,0.89,0,0,0.04,0.01,3.05,0.12,785.23,2.48,0.08,1.15,1.2,0.9,0.03,0.06,0.81,1.48,0.04,1.05,0.38,78318634,31548217,40.28,99.69
99.94,0.42,99.07,0.15,99.85,4823.96,1.38,0.48,1.39,0.72,2.09,0.72,79.56,0,165.93,0.92,0.01,0,0.04,0.01,3.11,0.12,785.02,2.34,0.06,1.13,1.15,0.87,0.03,0.05,0.78,1.44,0.04,1.04,0.36,77459321,31014684,40.04,99.91
99.6,0.93,98.55,0.44,99.56,4823.55,1.38,0.65,1.39,0.72,1.54,0.72,79.16,0,165.52,1,0.01,0,0.05,0.01,3.79,0.2,782.22,2.64,0.15,1.2,1.22,0.93,0.05,0.07,0.82,1.57,0.09,1.09,0.39,79906715,33193270,41.54,100.94
99.41,0.46,99.03,0.16,99.84,4823.4,1.38,0.47,1.39,0.72,2.14,0.72,79.22,0,166.04,0.89,0,0,0.04,0.01,3.15,0.14,785.47,2.45,0.09,1.14,1.18,0.9,0.04,0.06,0.81,1.45,0.05,1.03,0.37,77360638,30857694,39.89,100.25
97.88,0.49,98.99,0.17,99.83,4823.22,1.39,0.47,1.4,0.72,2.11,0.72,78.38,0,165.86,0.93,0.01,0,0.05,0.01,3.22,0.16,784.62,2.38,0.09,1.1,1.15,0.88,0.04,0.06,0.79,1.48,0.05,1.07,0.36,76607936,30488592,39.8,100.17
98.93,0.47,99.01,0.17,99.83,4823.05,1.39,0.48,1.39,0.72,2.08,0.72,78.92,0,166.04,0.92,0,0,0.05,0.01,3.21,0.15,785.47,2.41,0.09,1.12,1.16,0.92,0.05,0.06,0.81,1.49,0.06,1.08,0.35,78588301,32024184,40.75,100.57
99.95,0.4,99.09,0.15,99.85,4823.09,1.38,0.51,1.39,0.72,1.98,0.72,79.55,0,165.86,0.94,0,0,0.05,0.01,3.21,0.16,784.1,2.43,0.07,1.14,1.18,0.88,0.03,0.05,0.8,1.43,0.04,1.01,0.38,76659689,30859275,40.25,99.46
99.94,0.92,98.55,0.41,99.59,4822.25,1.37,0.61,1.38,0.73,1.65,0.72,79.03,0,165.91,1.01,0.01,0,0.04,0.01,3.52,0.16,785.01,2.45,0.12,1.17,1.17,0.91,0.04,0.07,0.8,1.46,0.06,1.04,0.36,80403240,33260912,41.37,100.72
99.94,0.37,99.12,0.14,99.86,4822.24,1.38,0.51,1.38,0.72,1.95,0.72,79.37,0,165.74,0.94,0,0,0.04,0.01,3.09,0.12,785.13,2.4,0.06,1.11,1.17,0.89,0.03,0.05,0.81,1.44,0.04,1.04,0.36,78994864,31185614,39.48,100.35
99.95,0.38,99.11,0.14,99.86,4822.8,1.38,0.51,1.38,0.72,1.98,0.72,79.49,0,166.05,0.92,0,0,0.04,0.01,3.13,0.13,785.03,2.39,0.09,1.19,1.16,0.9,0.03,0.05,0.81,1.43,0.04,1.03,0.36,77509379,31117741,40.15,99.94
99.95,0.43,99.06,0.15,99.85,4822.85,1.38,0.48,1.38,0.73,2.09,0.72,79.26,0,165.73,0.93,0.01,0,0.04,0.01,3.12,0.13,785.66,2.35,0.08,1.17,1.12,0.85,0.03,0.05,0.77,1.43,0.04,1.05,0.34,76442176,30595392,40.02,100.18
99.95,0.35,99.14,0.13,99.87,4822.69,1.38,0.52,1.38,0.72,1.94,0.72,79.47,0,165.8,0.89,0,0,0.04,0.01,3.1,0.13,785.44,2.31,0.07,1.15,1.13,0.86,0.03,0.06,0.78,1.41,0.04,1.02,0.35,77732813,31511751,40.54,100.05
,,,,,4822.8861,,,,,,,,,,,,,,,,,,,,,,,,,,,,,,,,,
