AMDuProfPcm Report,,,,,,,,,,,,,,,,,,,,,,,,,,,,,,,,,,,,,,,,,
,,,,,,,,,,,,,,,,,,,,,,,,,,,,,,,,,,,,,,,,,
Processor Name:,AMD EPYC 7473X 24-Core Processor               ,,,,,,,,,,,,,,,,,,,,,,,,,,,,,,,,,,,,,,,,
System:,Family(0x19) Model(0x1) Stepping(0x2),,,,,,,,,,,,,,,,,,,,,,,,,,,,,,,,,,,,,,,,
Operating System:,Linux 6.8.0-84-generic,,,,,,,,,,,,,,,,,,,,,,,,,,,,,,,,,,,,,,,,
Number of Sockets :,2,,,,,,,,,,,,,,,,,,,,,,,,,,,,,,,,,,,,,,,,
Number of Core Complexes(CCX) :,16,,,,,,,,,,,,,,,,,,,,,,,,,,,,,,,,,,,,,,,,
Number of Cores :,48,,,,,,,,,,,,,,,,,,,,,,,,,,,,,,,,,,,,,,,,
Number of Threads :,96,,,,,,,,,,,,,,,,,,,,,,,,,,,,,,,,,,,,,,,,
SMT Enabled in HW:,TRUE,,,,,,,,,,,,,,,,,,,,,,,,,,,,,,,,,,,,,,,,
SMT Enabled by OS :,TRUE,,,,,,,,,,,,,,,,,,,,,,,,,,,,,,,,,,,,,,,,
,,,,,,,,,,,,,,,,,,,,,,,,,,,,,,,,,,,,,,,,,
CPU Topology:,,,,,,,,,,,,,,,,,,,,,,,,,,,,,,,,,,,,,,,,,
Socket, CCX, Core(s),,,,,,,,,,,,,,,,,,,,,,,,,,,,,,,,,,,,,,,
0,0, 0 1 2 48 49 50,,,,,,,,,,,,,,,,,,,,,,,,,,,,,,,,,,,,,,,
0,1, 3 4 5 51 52 53,,,,,,,,,,,,,,,,,,,,,,,,,,,,,,,,,,,,,,,
0,2, 6 7 8 54 55 56,,,,,,,,,,,,,,,,,,,,,,,,,,,,,,,,,,,,,,,
0,3, 9 10 11 57 58 59,,,,,,,,,,,,,,,,,,,,,,,,,,,,,,,,,,,,,,,
0,4, 12 13 14 60 61 62,,,,,,,,,,,,,,,,,,,,,,,,,,,,,,,,,,,,,,,
0,5, 15 16 17 63 64 65,,,,,,,,,,,,,,,,,,,,,,,,,,,,,,,,,,,,,,,
0,6, 18 19 20 66 67 68,,,,,,,,,,,,,,,,,,,,,,,,,,,,,,,,,,,,,,,
0,7, 21 22 23 69 70 71,,,,,,,,,,,,,,,,,,,,,,,,,,,,,,,,,,,,,,,
1,8, 24 25 26 72 73 74,,,,,,,,,,,,,,,,,,,,,,,,,,,,,,,,,,,,,,,
1,9, 27 28 29 75 76 77,,,,,,,,,,,,,,,,,,,,,,,,,,,,,,,,,,,,,,,
1,10, 30 31 32 78 79 80,,,,,,,,,,,,,,,,,,,,,,,,,,,,,,,,,,,,,,,
1,11, 33 34 35 81 82 83,,,,,,,,,,,,,,,,,,,,,,,,,,,,,,,,,,,,,,,
1,12, 36 37 38 84 85 86,,,,,,,,,,,,,,,,,,,,,,,,,,,,,,,,,,,,,,,
1,13, 39 40 41 87 88 89,,,,,,,,,,,,,,,,,,,,,,,,,,,,,,,,,,,,,,,
1,14, 42 43 44 90 91 92,,,,,,,,,,,,,,,,,,,,,,,,,,,,,,,,,,,,,,,
1,15, 45 46 47 93 94 95,,,,,,,,,,,,,,,,,,,,,,,,,,,,,,,,,,,,,,,
,,,,,,,,,,,,,,,,,,,,,,,,,,,,,,,,,,,,,,,,,
Core P0 state frequency (MHz):,2801,,,,,,,,,,,,,,,,,,,,,,,,,,,,,,,,,,,,,,,,
Multiplex interval for core (ms):,1,,,,,,,,,,,,,,,,,,,,,,,,,,,,,,,,,,,,,,,,
Multiplex interval for l3 (ms):,1,,,,,,,,,,,,,,,,,,,,,,,,,,,,,,,,,,,,,,,,
Multiplex interval for df (ms):,1,,,,,,,,,,,,,,,,,,,,,,,,,,,,,,,,,,,,,,,,
Sample interval (ms):,1000,,,,,,,,,,,,,,,,,,,,,,,,,,,,,,,,,,,,,,,,
Data Collection Driver:,Linux Perf Driver,,,,,,,,,,,,,,,,,,,,,,,,,,,,,,,,,,,,,,,,
NMI Watchdog Enabled:,0,,,,,,,,,,,,,,,,,,,,,,,,,,,,,,,,,,,,,,,,
Version:,5.0.0,,,,,,,,,,,,,,,,,,,,,,,,,,,,,,,,,,,,,,,,
,,,,,,,,,,,,,,,,,,,,,,,,,,,,,,,,,,,,,,,,,
Hypervisor Info:,,,,,,,,,,,,,,,,,,,,,,,,,,,,,,,,,,,,,,,,,
Hypervisor Enabled:,FALSE,,,,,,,,,,,,,,,,,,,,,,,,,,,,,,,,,,,,,,,,
Command:,"AMDuProfPcm -m ipc,fp,l1,l2,memory,l3 -d 300 -o ../Logistic_Regression/AMDS_IC_micro_performance_lr.csv -- ../Logistic_Regression/server",,,,,,,,,,,,,,,,,,,,,,,,,,,,,,,,,,,,,,,,
,,,,,,,,,,,,,,,,,,,,,,,,,,,,,,,,,,,,,,,,,
Abbreviation :,,,,,,,,,,,,,,,,,,,,,,,,,,,,,,,,,,,,,,,,,
IPC    : Instructions Per CPU Cycle,,,,,,,,,,,,,,,,,,,,,,,,,,,,,,,,,,,,,,,,,
CPI    : CPU Cycles Per Instructions,,,,,,,,,,,,,,,,,,,,,,,,,,,,,,,,,,,,,,,,,
pti    : Per Thousand Instructions,,,,,,,,,,,,,,,,,,,,,,,,,,,,,,,,,,,,,,,,,
ptc    : Per Thousand CPU Cycles,,,,,,,,,,,,,,,,,,,,,,,,,,,,,,,,,,,,,,,,,
,,,,,,,,,,,,,,,,,,,,,,,,,,,,,,,,,,,,,,,,,
Profile Time: 2025/10/25 17:03:34:425,,,,,,,,,,,,,,,,,,,,,,,,,,,,,,,,,,,,,,,,,
CORE METRICS,,,,,,,,,,,,,,,,,,,,,,,,,,,,,,,,,,,L3 METRICS,,,,DF METRICS,,
System (Aggregated),,,,,,,,,,,,,,,,,,,,,,,,,,,,,,,,,,,System (Aggregated),,,,System (Aggregated),,
Utilization (%),System time (%),User time (%),System instructions (%),User instructions (%),Eff Freq (MHz),IPC (Sys + User),IPC (Sys),IPC (User),CPI (Sys + User),CPI (Sys),CPI (User),Giga Instructions Per Sec,Locked Instructions (pti),Retired Branches (pti),Retired Branches Mispredicted (pti),Retired SSE/AVX Flops(GFLOPs),Mixed SSE/AVX Stalls (pti),IC (32B) Fetch Miss Ratio,Op Cache (64B) Fetch Miss Ratio,IC Access (pti),IC Miss (pti),DC Access (pti),L2 Access (pti),L2 Access from IC Miss (pti),L2 Access from DC Miss (pti),L2 Access from HWPF (pti),L2 Miss (pti),L2 Miss from IC Miss (pti),L2 Miss from DC Miss (pti),L2 Miss from HWPF (pti),L2 Hit (pti),L2 Hit from IC Miss (pti),L2 Hit from DC Miss (pti),L2 Hit from HWPF (pti),L3 Access,L3 Miss,L3 Miss %,Ave L3 Miss Latency,Total Mem Bw (GB/s),Total Mem RdBw (GB/s),Total Mem WrBw (GB/s)
1.74,50.66,0.12,99.46,0.54,3743.7,0.3,0.3,0.69,3.32,3.33,1.46,0.96,0,215.95,28.48,0,0,0.1,0.6,450.02,42.82,492.6,81.44,44.88,22.71,7.19,3.36,1.08,1.39,0.89,77.92,49.59,21.98,6.3,12338449,3297326,26.72,980.18,0.58,0.36,0.22
1.68,50.48,1.07,99.11,0.89,3743.83,0.3,0.3,0.13,3.33,3.29,7.78,0.94,0,220.84,30.27,0,0,0.09,0.56,416.9,38.9,457.41,72.84,42.38,22.12,11.21,9.04,2.65,3.74,2.65,66.6,39.87,18.13,8.56,13685560,3260465,23.82,883.84,0.65,0.44,0.21
1.68,51.18,0.24,99.52,0.48,3743.58,0.3,0.3,0.31,3.3,3.3,3.25,0.94,0,222.39,28.94,0,0,0.1,0.6,441.29,43.37,490.74,85.5,52.51,25.5,8.8,6.74,1.86,3.33,1.55,78.91,50.1,21.51,7.25,13428062,3152108,23.47,1002.81,0.6,0.38,0.21
1.69,50.05,1.71,84.78,15.22,3743.59,0.35,0.31,1.61,2.87,3.28,0.62,1.1,0,222.92,29.17,0,0,0.1,0.6,445.35,43.21,487.65,82.97,44.63,27.96,8.63,4.69,0.87,1.95,1.87,78.37,49.95,21.62,6.75,14335891,3135419,21.87,1020.51,0.56,0.35,0.21
1.68,50.26,0.81,99.31,0.69,3743.15,0.3,0.31,0.13,3.28,3.25,7.47,0.94,0,224.05,28.93,0,0,0.1,0.6,450.12,43.25,491.46,81.6,51.73,25.95,7.43,4.48,0.58,2.61,1.29,77.96,49.84,21.93,6.15,12246151,3156805,25.78,974.43,0.58,0.37,0.21
1.71,50.43,2.08,93.31,6.69,3735.27,0.31,0.3,0.53,3.19,3.28,1.89,1.01,0,221.65,30.11,0,0,0.1,0.61,453.8,47.13,492.1,79.85,45.75,20.69,6.56,3.85,0.99,1.89,0.97,69.71,44.96,19.13,5.59,11649971,3184626,27.34,967.19,0.59,0.38,0.21
1.66,50.44,0.04,99.76,0.24,3744,0.31,0.31,0.86,3.25,3.25,1.16,0.93,0,220.95,30.19,0,0,0.1,0.61,451.77,45,492.97,80.19,51.07,23.25,6.9,2.67,0.52,1.23,0.92,76.56,48.99,21.54,5.98,11706344,3126846,26.71,949.37,0.59,0.38,0.21
1.69,49.61,1.67,96.13,3.87,3742.93,0.31,0.31,0.37,3.23,3.25,2.72,0.97,0,221.44,29.44,0,0,0.1,0.58,409.64,39.27,479.35,80.98,52.68,23.83,7.02,4.5,1.03,2.51,0.97,76,48.53,21.37,6.05,14034968,3314140,23.61,935.53,0.59,0.38,0.21
1.66,50.7,0.03,99.76,0.24,3744.37,0.31,0.31,1.16,3.26,3.27,0.86,0.93,0,224.48,28.66,0,0,0.09,0.6,445.46,41.78,486.16,81.89,51.78,24.65,7.32,4.87,1.27,2.37,1.23,74.77,47.88,20.76,6.09,13312013,3011670,22.62,970.9,0.59,0.38,0.21
1.7,50.63,0.97,99.34,0.66,3743.12,0.3,0.3,0.1,3.37,3.33,9.58,0.93,0,222.33,29.96,0,0,0.1,0.6,445.57,43.21,492.64,79.32,52.66,25.07,7.92,5.58,0.78,2.69,2.1,76.62,49.01,21.75,5.81,12354597,2968498,24.03,974.49,0.57,0.36,0.21
1.68,50.26,0.99,99.19,0.81,3742.68,0.31,0.31,0.13,3.27,3.23,7.78,0.95,0,220.77,30.35,0,0,0.1,0.59,428.61,41.24,486.63,79.01,51.63,23.27,7.18,5.48,1.17,3.03,1.29,76.64,49,21.7,5.89,12012959,3084423,25.68,963.8,0.56,0.35,0.21
1.68,51.14,0,100,0,3742.81,0.3,0.3,0,3.34,3.34,0,0.93,0,222.51,29.91,0,0,0.1,0.6,447.63,42.62,492.59,79.05,51.84,23.4,6.7,2.36,0.28,1.14,0.93,77.4,49.81,21.77,5.78,12403666,3324951,26.81,963.23,0.57,0.36,0.21
1.7,49.6,2.57,92.76,7.24,3734.14,0.31,0.31,0.46,3.18,3.25,2.16,1,0,220.62,30.3,0,0,0.1,0.6,442.05,42.23,489.81,82.58,52.55,24.51,7.96,11.15,1.33,8.31,1.51,75.02,46.73,21.8,6.45,12331897,3096158,25.11,929.27,0.57,0.36,0.21
1.69,50.15,1.52,98.55,1.45,3741.58,0.3,0.31,0.15,3.3,3.26,6.67,0.95,0,220.89,30.21,0,0,0.1,0.6,449.42,42.95,493.57,81,51.42,23.47,6.91,2.92,0.49,1.53,0.89,77.11,49.31,21.74,6.01,11918273,3275820,27.49,920.39,0.57,0.36,0.21
1.65,50.3,0.02,99.97,0.03,3744.23,0.31,0.31,0.26,3.25,3.25,3.84,0.92,0,220.63,30.34,0,0,0.09,0.6,448.53,42.46,491.16,87.98,51.36,27.62,9.75,9.58,1.47,6.29,1.81,78.62,48.42,22.23,7.93,13865460,3427539,24.72,910.81,0.6,0.39,0.21
1.77,49.66,4.17,96.79,3.21,3742.95,0.29,0.3,0.12,3.51,3.34,8.48,0.98,0,221.79,29.55,0,0,0.09,0.58,441.86,40.31,478.61,86.8,50.82,27.74,9.57,11.35,2.09,7.54,1.73,76.46,47.6,20.98,7.84,18618986,3822509,20.53,898.72,0.63,0.42,0.21
1.73,50.89,1.74,98.08,1.92,3741.55,0.3,0.3,0.17,3.38,3.33,5.83,0.97,0,221.1,30.21,0,0,0.09,0.6,442.45,40.45,491.13,81.84,51.67,23.74,8.84,3.53,0.49,1.32,1.71,78.59,49.55,21.86,7.13,12275852,3158164,25.73,941.16,0.58,0.36,0.21
1.7,50.15,1.75,98.68,1.32,3744,0.3,0.3,0.12,3.38,3.31,8.61,0.94,0,222.41,29.77,0,0,0.09,0.58,420.38,39.85,475.4,83.47,51.84,24.19,7.98,3.63,0.76,1.35,1.52,77.86,49.69,21.65,6.46,12488911,3353239,26.85,915.91,0.59,0.38,0.21
1.74,49.92,2.8,97.75,2.25,3742.8,0.29,0.3,0.12,3.42,3.31,8.07,0.96,0,225.17,28.46,0,0,0.1,0.6,438.18,41.64,488.89,89.34,48.32,34.76,10.45,16.51,1.37,13.19,1.94,77.24,46.18,22.51,8.51,18768661,3210551,17.11,903.86,0.58,0.37,0.21
1.76,51.62,2.41,94.27,5.73,3733.43,0.35,0.35,0.45,2.84,2.88,2.21,1.2,0,222.43,29.81,0,0,0.09,0.54,392.11,34.26,456.26,72.34,50.49,22.64,6.94,4.08,1.17,1.78,1.14,75.35,48.74,20.77,5.8,11978117,3290368,27.47,928.49,0.6,0.39,0.21
1.68,50.05,1.13,99.03,0.97,3744.07,0.3,0.31,0.13,3.3,3.26,7.49,0.94,0,222.38,29.89,0,0,0.1,0.6,441.97,42.43,489.61,89.88,51.68,28.59,9.98,8.41,0.99,5.46,1.96,79.03,48.92,22.05,8.02,15873650,3296314,20.77,881.14,0.58,0.36,0.21
1.75,50.04,3.18,97.02,2.98,3742.83,0.29,0.3,0.14,3.47,3.36,6.95,0.97,0,222.84,29.8,0,0,0.09,0.6,439.69,41.68,489.09,82.82,51.36,27.96,7.54,6.34,2.38,2.81,1.15,75.99,48.52,21.03,6.39,15439747,3546046,22.97,920.73,0.59,0.38,0.21
1.66,50.52,0.06,99.43,0.57,3743.81,0.31,0.31,1.4,3.25,3.26,0.71,0.93,0,220.4,30.19,0,0,0.1,0.6,451.09,43.85,491.59,84.41,52.68,24.77,8.38,5.81,2.06,2.29,1.46,76.9,49.49,20.45,6.91,12096839,3258125,26.93,898.8,0.57,0.36,0.21
1.74,50.77,2.09,98.63,1.37,3741.86,0.33,0.34,0.12,3,2.92,8.65,1.1,0,222.24,29.66,0,0,0.09,0.6,444.43,41.9,489.44,85.54,51.12,24.51,9.02,7.63,1.25,4.96,1.42,77.94,48.63,21.67,7.6,15166552,3194108,21.06,912.52,0.59,0.38,0.21
1.7,49.66,2.12,98.22,1.78,3743.78,0.3,0.31,0.13,3.35,3.27,7.74,0.94,0,222.91,29.6,0,0,0.09,0.58,426.93,38.22,466.41,85.93,50.96,27.42,9.07,10.18,2.15,6.48,1.55,78.13,48.79,21.78,7.51,13287322,3307218,24.89,952.57,0.59,0.38,0.21
1.7,51.65,0.18,99.5,0.5,3743.1,0.3,0.3,0.43,3.33,3.34,2.34,0.95,0,220.68,30.38,0,0,0.1,0.6,450.86,44.8,493.18,80.22,51.33,24.87,7.11,4.65,1.97,1.57,1.11,76.96,49.33,21.58,6,11741940,3346510,28.5,972.46,0.61,0.4,0.21
1.71,50.08,1.99,97.91,2.09,3742.2,0.3,0.31,0.16,3.34,3.28,6.1,0.96,0,226.52,28.01,0,0,0.1,0.6,438.61,42.24,488.23,87.85,48.49,29.11,9.87,8.4,1.43,5.08,1.9,78.95,49.18,21.77,7.97,15947710,3255164,20.41,951.16,0.6,0.38,0.21
1.74,48.62,4.4,91.47,8.53,3742.19,0.31,0.31,0.32,3.25,3.26,3.16,1.02,0,224.96,29.25,0,0,0.1,0.6,444.63,43.86,490.25,89.2,52.74,25.33,10.39,9.01,1.19,5.54,2.28,76.29,47.02,21.12,8.11,16476401,3190379,19.36,989.04,0.58,0.37,0.21
1.73,49.78,3.12,94.39,5.61,3742.02,0.3,0.3,0.29,3.3,3.29,3.47,1,0,220.82,30.38,0,0,0.09,0.57,418.39,37.67,455.59,89.61,51.67,23.71,10.06,4.74,1.33,1.54,1.87,78.55,49.32,21,8.19,13092497,3046115,23.27,993.15,0.58,0.37,0.21
1.68,50.71,0.5,99.48,0.52,3744.58,0.3,0.3,0.16,3.32,3.31,6.23,0.93,0,220.77,29.03,0,0,0.09,0.6,443.82,41.61,490.53,83.4,51.89,25.3,8.26,9.3,0.6,7.22,1.48,68.83,41.88,20.13,6.78,12776925,3184842,24.93,998.89,0.61,0.4,0.21
1.67,50.57,0.45,99.7,0.3,3743.63,0.3,0.3,0.1,3.32,3.3,9.87,0.92,0,220.74,30.36,0,0,0.09,0.57,416.39,39.16,481.01,81.42,51.25,26.43,7.04,4.9,0.83,2.92,1.15,77.39,49.7,21.76,5.89,13069539,3119739,23.87,977.29,0.6,0.39,0.21
1.72,51.03,1.19,98.56,1.44,3744.83,0.29,0.29,0.18,3.44,3.41,5.46,0.94,0,220.62,30.13,0,0,0.1,0.6,449.54,42.83,492.5,77.26,47.91,26.82,13.21,6.41,0.91,1.41,4.09,80.32,49.6,21.56,9.11,13229428,3556011,26.88,962.9,0.59,0.37,0.21
1.72,51.85,0.52,99.16,0.84,3742.72,0.3,0.3,0.25,3.35,3.35,3.97,0.96,0,220.87,30.45,0,0,0.1,0.61,454.58,43.86,492.32,85.79,52.57,29.14,8.95,7.55,0.81,5.17,1.57,78.69,49.06,22.21,7.38,13122061,3170157,24.16,998.8,0.59,0.38,0.21
1.74,51.54,1.76,95.48,4.52,3740.98,0.37,0.37,0.51,2.69,2.72,1.96,1.24,0,240.16,27.33,0,0,0.09,0.54,395.16,34.92,437.94,81.91,52.14,23.32,7.29,6.27,0.94,4.29,1.04,76.59,49.14,21.16,6.25,15294593,3280732,21.45,915.27,0.62,0.41,0.21
1.71,49.32,2.9,97.63,2.37,3743.49,0.3,0.31,0.13,3.38,3.27,7.9,0.95,0,222.59,28.8,0,0,0.1,0.6,441.38,42.19,489.35,91.35,51.99,26.22,11.1,11.24,1.93,7.18,2.13,72.05,43.23,19.81,8.97,13819156,2961919,21.43,1037.28,0.55,0.34,0.21
1.7,50.33,1.36,98.77,1.23,3744.62,0.3,0.3,0.14,3.34,3.29,7.14,0.95,0,226.8,29.09,0,0,0.1,0.61,450.96,43.48,492.31,84.37,44.19,28.76,7.74,5.87,1.22,3.28,1.37,75.21,48.07,20.73,6.37,16666164,3351357,20.11,1030.91,0.59,0.38,0.21
1.67,50.2,0.91,98.85,1.15,3742.79,0.3,0.3,0.19,3.3,3.28,5.13,0.93,0,220.86,28.83,0,0,0.09,0.6,449.93,42.08,492.03,84.66,52.47,25.17,8.59,7.65,1.68,4.52,1.45,77.07,48.86,21.03,7.14,12668116,3216470,25.39,984.75,0.59,0.38,0.21
1.67,50.56,0.48,99.49,0.51,3744.09,0.3,0.31,0.16,3.29,3.28,6.06,0.93,0,221.25,29.71,0,0,0.1,0.61,450.69,44.53,492.09,82.52,50.16,27.23,7.83,6.57,2.32,3,1.26,77.76,49.45,21.69,6.57,14662697,3177698,21.67,993.56,0.61,0.4,0.21
1.67,50.2,0.08,99.97,0.03,3746.62,0.31,0.31,0.06,3.28,3.27,16.16,0.92,0,221.68,29.41,0,0,0.1,0.6,433.58,44.55,490.13,85.52,51.41,28.2,8.96,5.74,1.03,3.15,1.55,75.37,47.02,20.89,7.41,12804334,3301021,25.78,961.55,0.56,0.35,0.21
1.68,50.27,0.97,99.12,0.88,3743.65,0.3,0.31,0.14,3.31,3.27,7.1,0.93,0,220.65,30.34,0,0,0.1,0.6,449.02,42.7,491.83,84.58,48.65,24.15,8.64,4.37,0.76,2.21,1.4,77.46,48.78,21.4,7.24,13010288,3357520,25.81,961.58,0.62,0.41,0.21
1.66,50.51,0.27,99.54,0.46,3743.47,0.31,0.31,0.27,3.26,3.26,3.76,0.93,0,219.73,28.71,0,0,0.1,0.6,447.16,45.88,489.84,81.2,52.78,23.56,7.03,4.49,1.07,2.43,1,75.89,48.83,20.99,6.03,12481072,3394803,27.2,954.7,0.56,0.35,0.21
1.72,51.14,1.2,98.82,1.18,3742.33,0.32,0.33,0.17,3.09,3.05,6,1.05,0,222.02,29.98,0,0,0.1,0.61,455.85,46.5,492.49,80.45,50.25,25.52,7.94,6.71,0.87,4.01,1.84,77.26,49.02,22.09,6.11,13027938,3370279,25.87,990.37,0.57,0.36,0.21
1.66,50.94,0,100,0,3742.91,0.31,0.31,0.02,3.28,3.28,58.01,0.93,0,221.84,30.04,0,0,0.1,0.6,444.96,42.61,490.83,81.89,51.68,27.07,8.18,3.81,1.05,1.35,1.4,78.12,49.59,21.71,6.78,13611508,3150895,23.15,1001.29,0.58,0.37,0.21
1.71,50.61,1.13,98.98,1.02,3744.76,0.29,0.3,0.14,3.39,3.35,7.21,0.94,0,220.79,30.37,0,0,0.1,0.6,449.37,43.32,492.47,81.54,44.1,25.69,7.04,3.32,0.88,1.46,0.99,75.89,48.94,20.85,6.05,12472247,3062447,24.55,976,0.61,0.4,0.21
1.68,49.78,1.52,98.47,1.53,3743.63,0.3,0.31,0.16,3.31,3.26,6.38,0.94,0,221.24,30.19,0,0,0.09,0.6,439.17,41.56,489.58,78.65,52.91,25.92,7.68,3.91,1.2,1.38,1.33,78.06,49.79,21.87,6.35,12001665,3040420,25.33,991.78,0.55,0.34,0.21
1.73,52.28,0.47,99.39,0.61,3744.65,0.33,0.34,0.23,2.99,2.98,4.41,1.1,0,220.76,29.52,0,0,0.1,0.6,448.87,43.58,492.98,68.75,51.84,23.37,6.35,4.44,1.82,1.46,1.17,76.4,49.62,21.56,5.18,11789922,3305950,28.04,973.98,0.62,0.41,0.21
1.68,50.26,1.02,97.85,2.15,3744.43,0.31,0.31,0.33,3.25,3.25,3.01,0.95,0,220.77,30.37,0,0,0.09,0.57,416.31,36.93,456.45,79.67,51.73,24.41,7.31,4.98,1.34,2.5,1.14,72.93,46.15,20.56,6.17,12984359,3163198,24.36,973,0.57,0.36,0.21
1.73,49.83,3.02,97.03,2.97,3742.44,0.29,0.3,0.15,3.39,3.3,6.53,0.97,0,217.55,28.23,0,0,0.1,0.61,452.3,45.51,494.41,82.12,52.17,23.18,8.16,6.33,1.41,3.43,1.49,75.59,48.15,20.74,6.66,14957922,3446254,23.04,972.4,0.58,0.37,0.21
1.67,50.1,1.16,97.37,2.63,3742.7,0.31,0.31,0.36,3.25,3.26,2.8,0.95,0,220.32,30.25,0,0,0.09,0.6,441.33,41.85,489.82,83.7,52.07,23.45,8.04,3.08,0.53,1.17,1.37,77.79,49.32,21.75,6.67,12556585,3083084,24.55,969.76,0.57,0.36,0.21
1.66,49.88,0.64,99.53,0.47,3744.2,0.31,0.31,0.11,3.27,3.24,8.83,0.93,0,220.79,29.84,0,0,0.09,0.6,448.38,42.51,492.38,81.38,52.28,26.51,7.3,5.91,1.88,2.94,1.08,75.36,47.9,21.19,6.22,11704523,3029945,25.89,931.96,0.6,0.39,0.21
1.72,50.17,2.04,97.55,2.45,3742.31,0.3,0.3,0.19,3.35,3.3,5.32,0.96,0,220.63,30.05,0,0,0.09,0.57,416.45,36.28,455.95,85.04,51,27.53,10.87,4.88,0.63,1.24,3.01,78.84,49.2,21.74,7.86,13573487,3308378,24.37,966.73,0.56,0.35,0.21
1.72,51.55,0.71,99.09,0.91,3742.47,0.33,0.34,0.22,2.99,2.98,4.46,1.08,0,220.63,30.38,0,0,0.09,0.6,445.69,42.33,491.35,77.19,51.2,24.39,7.82,8.09,3.05,3.49,1.55,65.11,39.05,19.76,6.27,13540133,3609343,26.66,951.53,0.57,0.36,0.21
1.68,49.37,1.45,98.68,1.32,3746.95,0.31,0.31,0.14,3.28,3.23,7.06,0.94,0,221.89,29.69,0,0,0.1,0.6,439.38,43.95,492.18,81.52,53.09,23.6,7.29,3.37,0.8,1.55,1.03,76.96,48.94,21.71,6.27,13136479,3102176,23.61,953.58,0.57,0.36,0.21
1.73,49.11,3.07,95.76,4.24,3743.4,0.3,0.31,0.22,3.33,3.28,4.62,0.97,0,223.21,29.65,0,0,0.1,0.6,439.2,41.93,488.38,80.37,51.63,24.35,6.66,5.13,1.36,2.99,0.78,71.7,45.62,20.17,5.87,14082926,3108050,22.07,971.52,0.6,0.39,0.21
1.67,50.71,0.15,99.77,0.23,3744.13,0.31,0.31,0.24,3.27,3.26,4.16,0.93,0,217.9,28.34,0,0,0.1,0.6,446.16,45.33,489.69,86.82,52.65,24.61,9.66,7.32,0.89,4.68,1.75,77.81,48.21,21.65,7.91,14239155,3400346,23.88,912.81,0.56,0.35,0.21
2.07,46.48,13.54,81.81,18.19,3740.75,0.3,0.31,0.24,3.38,3.2,4.19,1.32,0,222.3,27.53,0,0,0.09,0.6,441.66,41.9,490.39,79.45,50.82,23.44,6.63,3.17,0.88,1.4,0.89,76.51,49.04,21.68,5.73,11520279,3267080,28.36,1042.99,0.77,0.56,0.21
1.69,49.67,1.65,98.65,1.35,3743.67,0.3,0.31,0.13,3.29,3.22,7.81,0.95,0,220.17,30.07,0,0,0.09,0.56,414.47,37.16,455.72,84.26,51.68,24.97,8.53,6.52,1.59,3.52,1.4,78.21,49.27,21.78,7.12,12936126,3084852,23.85,977.67,0.56,0.34,0.21
1.67,50.25,0.75,99.41,0.59,3743.01,0.3,0.31,0.12,3.29,3.26,8.21,0.93,0,220.84,30.28,0,0,0.1,0.6,446.14,42.82,491.32,79.03,44.62,27.57,7.16,6.74,2.96,2.45,1.33,73.55,46.98,20.7,5.83,13188936,3149363,23.88,942.07,0.6,0.39,0.21
1.69,50.27,1,96.41,3.59,3743.7,0.31,0.3,0.57,3.24,3.3,1.75,0.96,0,220.79,30.45,0,0,0.1,0.6,448.84,42.68,492.33,79.04,49.5,22.94,6.9,6.52,1.36,4.19,0.96,76.45,48.71,21.75,5.94,13951205,3369153,24.15,906.11,0.57,0.36,0.21
1.69,50.71,0.49,99.49,0.51,3738.34,0.3,0.3,0.16,3.32,3.3,6.15,0.93,0,221.18,30.04,0,0,0.1,0.61,452.94,46.14,492.26,85.52,51.34,22.99,8.67,5.66,1.8,2.17,1.69,75.16,47.43,20.7,6.98,13424903,3251420,24.22,950.45,0.58,0.37,0.21
1.66,50.11,0.77,99.41,0.59,3743.41,0.31,0.31,0.12,3.26,3.23,8.37,0.93,0,220.64,30.31,0,0,0.09,0.6,449.64,42.45,492.25,80.39,51.32,23.23,7.02,3.17,0.99,1.24,0.94,76.79,48.95,21.73,6.08,12686366,3256880,25.67,890.84,0.6,0.38,0.21
1.69,49.91,1.85,94.48,5.52,3743.34,0.32,0.31,0.49,3.17,3.24,2.06,0.99,0,221.68,30.15,0,0,0.1,0.59,431.9,41.53,485.23,83.14,52.04,24.95,7.84,5.04,1.86,1.77,1.42,77.66,49.7,21.49,6.42,12270472,3260790,26.57,944.04,0.56,0.35,0.21
1.65,50.17,0.5,99.36,0.64,3742.53,0.31,0.31,0.2,3.24,3.22,5.01,0.93,0,225.17,28.3,0,0,0.09,0.6,443.62,41.75,490.19,80.87,51.51,24.49,7.04,4.41,0.59,2.89,0.93,76.82,48.74,21.92,6.11,15197656,3666801,24.13,893.38,0.59,0.38,0.21
1.72,50.12,2.35,95.56,4.44,3743.69,0.3,0.3,0.3,3.29,3.29,3.32,0.98,0,221.05,30.29,0,0,0.09,0.6,443.71,41.29,490.05,81.55,51.5,24.24,10.23,7.46,1.1,2.99,3.37,77.91,49.17,21.83,6.86,13278261,3312329,24.95,934.12,0.56,0.35,0.21
1.66,50.16,0.36,99.72,0.28,3745.03,0.31,0.31,0.12,3.25,3.24,8.39,0.92,0,221.01,30.27,0,0,0.1,0.59,441.65,42.02,484.02,86.28,49.85,25.08,9.17,4,0.95,1.32,1.73,78.54,49.32,21.74,7.43,13158303,3298568,25.07,941.7,0.56,0.35,0.21
1.75,50,2.72,92.47,7.53,3743.13,0.31,0.3,0.45,3.21,3.29,2.21,1.03,0,221.74,29.06,0,0,0.1,0.6,439.74,42.11,489.55,82.03,49.85,25.45,7.08,6.76,1.99,3.69,1.08,63.59,39.37,18.19,6,16999791,3220205,18.94,953.57,0.63,0.41,0.21
1.72,50.44,2.37,97.84,2.16,3739.72,0.3,0.31,0.15,3.29,3.21,6.81,0.99,0,234.73,25.97,0,0,0.1,0.59,424.35,40.78,484.03,83.06,51.12,23.44,8.12,6.01,1.19,3.4,1.43,76.49,48.2,21.56,6.69,13345145,3080959,23.09,948.31,0.57,0.36,0.21
1.7,50.67,1.34,98.64,1.36,3742.88,0.3,0.3,0.16,3.36,3.32,6.34,0.94,0,221.45,30.09,0,0,0.09,0.6,439.96,41.76,489.67,78.84,43.56,27.68,8.59,5.16,0.99,1.84,2.33,76.06,48.09,21.66,6.26,13732278,3207005,23.35,982.5,0.56,0.35,0.21
1.67,50.41,0.7,98.02,1.98,3742.77,0.31,0.31,0.45,3.25,3.27,2.24,0.94,0,221.48,30.17,0,0,0.09,0.56,415.21,36.32,455.99,85.19,51.46,23.16,9.11,4.86,1.16,2.03,1.67,78.32,49.25,21.59,7.44,13255666,3084353,23.27,931.32,0.56,0.35,0.21
1.69,50.18,1.5,98.2,1.8,3743.75,0.3,0.3,0.19,3.34,3.3,5.37,0.94,0,221.8,29.39,0,0,0.09,0.6,449.6,42.03,492.19,88,51.54,23.46,10.01,8.06,2.34,3.85,1.87,76.04,47.3,20.56,8.14,12665245,3285512,25.94,945.49,0.57,0.36,0.21
1.69,49.12,2.6,97.38,2.62,3742.31,0.3,0.31,0.16,3.31,3.23,6.33,0.95,0,220.65,30.3,0,0,0.09,0.6,447.31,41.76,491.24,85.32,51.08,25.79,9.51,5.76,1,2.99,1.77,77.79,48.2,21.81,7.74,14258946,3198003,22.43,905.62,0.65,0.44,0.21
1.67,50.34,0.72,99.29,0.71,3742.72,0.3,0.31,0.15,3.28,3.26,6.45,0.93,0,220.83,30.35,0,0,0.09,0.6,442.85,41.74,491.37,79.1,51.95,24.66,7.17,3.85,0.96,1.5,1.39,75.34,48.28,21.24,5.77,12956341,3246050,25.05,893.19,0.55,0.33,0.21
1.71,50.94,0.92,98.8,1.2,3744.12,0.3,0.3,0.2,3.33,3.31,4.94,0.95,0,220.87,30.31,0,0,0.09,0.58,421.4,38.64,477.72,89.18,48.91,23.12,10.74,3.88,0.64,1.27,1.98,79.81,49.09,21.91,8.77,15912455,3743197,23.52,885.6,0.7,0.49,0.21
1.73,52.76,0.46,96.01,3.99,3737.03,0.35,0.34,1.61,2.86,2.96,0.62,1.15,0,220.67,30.29,0,0,0.09,0.59,435.76,41.22,482.53,82.56,50.79,26.86,7.56,4.65,0.98,2.24,1.42,68.02,42.5,19.34,6.13,12787512,3106463,24.29,999.28,0.55,0.35,0.21
1.71,50.97,1.14,99.01,0.99,3742.98,0.3,0.3,0.13,3.37,3.33,7.43,0.95,0,218.44,27.38,0,0,0.1,0.6,446.62,43,490.6,81.17,51.18,24.4,7.06,6.92,0.93,5.06,0.94,74.87,47.17,21.54,6.12,14710778,3529705,23.99,1075.1,0.57,0.36,0.21
1.67,51.16,0.07,99.85,0.15,3743.36,0.31,0.31,0.32,3.25,3.25,3.08,0.95,0,221.15,29.65,0,0,0.1,0.6,446.28,42.51,491.49,75.42,34.75,23.6,7.03,7.77,1.81,4.66,1.3,68.82,44.24,18.83,5.72,14048612,3320637,23.64,953.67,0.59,0.38,0.21
1.69,50.64,0.97,97.46,2.54,3743.3,0.3,0.3,0.41,3.29,3.31,2.44,0.95,0,220.75,30.29,0,0,0.1,0.6,450.48,44.11,491.2,86.22,52.42,24.29,8.37,3.38,0.54,1.21,1.63,78.09,49.41,21.89,6.74,11937941,3164568,26.51,942.23,0.55,0.34,0.21
1.65,50.37,0.15,99.41,0.59,3742.74,0.31,0.31,0.61,3.21,3.22,1.64,0.93,0,220.6,30.32,0,0,0.1,0.6,445.3,42.76,491.15,80.73,49.46,25.15,8.01,4.63,1.34,1.71,1.57,77.66,49.55,21.62,6.44,12854833,3343896,26.01,1066.79,0.57,0.36,0.21
1.67,50.51,0.55,99.56,0.44,3744.16,0.3,0.3,0.13,3.3,3.28,7.96,0.93,0,220.56,30.34,0,0,0.1,0.6,449.61,42.86,492.56,85.71,51.77,23.3,9.67,7,1.8,3.17,2.02,79.07,49.67,21.71,7.65,14085342,3242395,23.02,995.25,0.55,0.34,0.21
1.7,50.5,1.06,99.02,0.98,3742.73,0.3,0.31,0.14,3.3,3.26,6.93,0.95,0,221.92,29.71,0,0,0.1,0.6,448.11,42.76,491.16,85.19,49.05,22.3,8.56,4,0.5,2.11,1.39,78.55,49.42,21.91,7.17,12760876,3310220,25.94,919.75,0.54,0.33,0.21
1.7,51.3,0.7,98.15,1.85,3736.88,0.31,0.3,0.42,3.27,3.28,2.37,0.97,0,220.91,28.98,0,0,0.1,0.6,445.3,43.13,490.68,86.84,51.32,25.56,9.3,7.19,1.06,4.36,1.77,75.76,46.93,21.26,7.52,13392729,3327392,24.84,905.22,0.6,0.39,0.21
1.8,47.49,7.08,87.86,12.14,3743.04,0.3,0.3,0.28,3.31,3.28,3.54,1.07,0,221.92,29.94,0,0,0.1,0.6,446.37,43.49,491.48,82.14,51.78,24.72,9.41,6.39,0.46,3.16,2.77,76.44,48.18,21.57,6.64,13906951,3236544,23.27,940.2,0.55,0.34,0.21
1.75,48.33,4.96,72.49,27.51,3743.1,0.38,0.31,1.14,2.6,3.25,0.88,1.29,0,227.73,21.58,0,0,0.1,0.5,309.15,30.02,432.98,67.03,40.61,23.64,8.02,14.77,2.08,10.82,1.87,70.79,44.45,20.15,6.15,20826699,3380417,16.23,919.42,0.57,0.36,0.21
1.87,45.24,11.07,91.29,8.71,3742.12,0.27,0.3,0.12,3.73,3.28,8.41,1.02,0,230.31,26.47,0,0,0.09,0.58,412.67,38.81,478.6,112.58,47.33,46.89,20.11,30.8,1.73,24.34,4.73,75.9,38.33,22.16,15.38,36499501,3064377,8.4,932.24,0.6,0.38,0.21
1.7,50.7,1.07,96.66,3.34,3743.71,0.31,0.31,0.5,3.22,3.27,1.99,0.98,0,222.55,28.23,0,0,0.09,0.6,450.28,42.25,491.89,82.31,52.75,24.08,7.96,5.06,1.32,2.33,1.41,76.11,48.45,21.08,6.55,13691500,3366772,24.59,864.67,0.55,0.34,0.21
1.71,50.95,1.28,98.61,1.39,3742.24,0.3,0.3,0.17,3.36,3.32,5.91,0.96,0,223.34,28.68,0,0,0.1,0.6,438.7,42.53,486.04,80.95,51.78,23.47,9.48,4.8,0.53,1.28,2.99,77.67,49.52,21.61,6.49,13468939,3331702,24.74,945.23,0.62,0.41,0.21
1.73,49.67,2.94,97.37,2.63,3743.79,0.3,0.31,0.14,3.37,3.27,7.16,0.97,0,222.53,29.51,0,0,0.09,0.58,432.72,39.12,476.56,86.95,47.15,29.4,9.6,11.4,1.32,8.37,1.71,78.15,47.74,22.46,7.89,17455818,3260653,18.68,895.31,0.55,0.34,0.21
1.71,50.9,1.59,98.24,1.76,3738.87,0.3,0.31,0.18,3.29,3.24,5.66,0.98,0,221.62,29.63,0,0,0.1,0.6,444.34,43.37,489.81,83.42,55.04,23.23,7.89,5.66,1.45,2.67,1.54,76.02,48.28,21.34,6.35,13411133,3678191,27.43,928.71,0.61,0.4,0.21
1.67,50.35,0.54,99.59,0.41,3743.14,0.31,0.31,0.12,3.28,3.26,8.53,0.93,0,221.82,30.08,0,0,0.1,0.61,452.28,44.31,492.46,81.55,51.76,23.44,7.33,2.81,0.59,1.19,1.03,77.77,49.55,21.87,6.3,12686449,3452701,27.22,949.12,0.55,0.34,0.21
1.66,50.59,0,100,0,3744.86,0.31,0.31,0,3.27,3.27,0,0.92,0,219.95,29.91,0,0,0.09,0.6,445.55,42.3,489.4,82.1,44.23,27.63,7.51,7.28,2.14,3.97,1.17,76.95,48.99,21.57,6.34,12849876,3224738,25.1,911.93,0.56,0.35,0.21
1.67,49.89,0.9,99.26,0.74,3744.08,0.3,0.31,0.13,3.29,3.25,7.88,0.93,0,221.23,29.83,0,0,0.09,0.56,386.62,35.73,448.47,80.37,51.96,23.42,7.16,2.47,0.3,1.14,1.03,77.83,49.7,21.96,6.13,11124207,3114939,28,977.76,0.57,0.36,0.21
1.68,49.86,1.13,99.17,0.83,3742.28,0.3,0.31,0.11,3.28,3.24,8.8,0.93,0,223.85,29.19,0,0,0.1,0.61,453.06,44.95,492.82,81.5,50.62,23.72,7.76,3.99,1.24,1.5,1.25,77.39,49.17,21.67,6.51,13275468,3298152,24.84,890.98,0.56,0.35,0.21
1.67,50.47,0.62,98.67,1.33,3743.06,0.31,0.31,0.34,3.23,3.23,2.95,0.95,0,220.69,30.21,0,0,0.1,0.6,445.64,43.74,490.78,78.61,52.31,23.04,7.18,5.62,2.46,1.85,1.3,77.09,49.77,21.39,5.88,12796339,3503420,27.38,896.37,0.54,0.33,0.21
1.73,50.54,2.21,95.26,4.74,3743.12,0.3,0.3,0.34,3.28,3.3,2.9,1,0,226.07,28.22,0,0,0.1,0.6,449.14,43.65,492.44,81.87,47.23,23.31,8.03,5.88,1.42,3.03,1.43,73.52,46.31,20.57,6.6,15112476,3281892,21.72,910.37,0.57,0.36,0.21
1.69,50.35,1.63,96.4,3.6,3739.4,0.31,0.31,0.35,3.23,3.25,2.82,0.98,0,220.48,30.19,0,0,0.1,0.58,415.75,39.85,478.71,82.66,51.42,24.32,7.82,5.07,1.68,1.86,1.52,76.49,48.56,21.6,6.3,14934878,3314041,22.19,877.01,0.56,0.35,0.21
1.72,52.04,0.39,99.3,0.7,3743.62,0.34,0.34,0.32,2.96,2.96,3.17,1.09,0,220.52,30.21,0,0,0.1,0.6,436.74,41.91,487.89,79.91,51.43,23.35,6.92,3.84,0.86,2.12,0.86,76.94,48.99,21.83,6.07,12455058,3169023,25.44,948.17,0.58,0.37,0.21
1.69,50.58,1.12,98.7,1.3,3743.57,0.3,0.31,0.18,3.3,3.27,5.49,0.95,0,220.93,30.19,0,0,0.09,0.6,447.81,42.49,492.42,82.51,51.32,23.25,7.8,3.15,0.55,1.21,1.39,77.28,49.07,21.75,6.41,12423598,3246091,26.13,869.36,0.55,0.34,0.21
1.65,50.5,0.06,99.69,0.31,3743.68,0.31,0.31,0.83,3.24,3.25,1.21,0.93,0,220.88,30.34,0,0,0.09,0.6,448,42.48,492.17,81.82,48.36,24.04,7.51,2.83,0.48,1.22,1.14,77.45,49.19,21.85,6.37,11811224,3130601,26.51,910.47,0.55,0.34,0.21
1.69,50.65,0.64,99.41,0.59,3744.15,0.3,0.3,0.14,3.32,3.29,7.09,0.94,0,240.93,26.36,0,0,0.08,0.54,386.53,32.54,440.76,71.25,40.8,23.27,8.42,5.83,2.07,2.96,0.8,66.52,40.07,18.79,7.62,13831776,3574691,25.84,830.04,0.58,0.36,0.21
1.69,50.32,0.65,98.92,1.08,3744.57,0.31,0.31,0.26,3.28,3.27,3.83,0.94,0,224.52,28.44,0,0,0.1,0.6,446.68,43.12,492.77,80.09,49.78,24.45,7.07,6.07,1.03,3.93,1.12,76.3,48.49,21.81,5.95,12219653,3089041,25.28,1065.26,0.56,0.35,0.21
1.71,51.6,0.22,99.16,0.84,3742.99,0.3,0.3,0.6,3.33,3.35,1.67,0.95,0,220.65,30.21,0,0,0.09,0.57,418.3,37.39,456.27,80.59,51.51,23.44,7.34,5.55,0.95,3.56,1.04,77.36,49.04,21.97,6.31,11660663,3299069,28.29,1033.54,0.58,0.37,0.21
1.69,49.57,2,97.63,2.37,3742.7,0.31,0.31,0.19,3.27,3.22,5.34,0.96,0,221.74,29.53,0,0,0.1,0.6,443.69,42.95,490.88,82.12,51.75,23.62,7.42,4.46,1.53,1.69,1.24,75.96,48.5,21.24,6.18,12690568,3246022,25.58,944.57,0.61,0.39,0.21
1.68,49.8,1.57,94.14,5.86,3743.03,0.32,0.31,0.61,3.14,3.24,1.64,0.99,0,221.54,30.12,0,0,0.1,0.6,445.75,43.68,492.73,84.21,50.07,26.14,8.47,3.7,0.6,1.6,1.5,78.29,49.51,21.76,6.98,13164022,2922815,22.2,931.36,0.55,0.33,0.21
1.68,50.26,1.25,96.36,3.64,3742.78,0.31,0.31,0.46,3.22,3.27,2.15,0.97,0,225.36,27.66,0,0,0.1,0.59,432.84,41.5,487.09,80.46,49.32,26.44,12.58,8.62,1.38,3.98,3.26,74.3,44.89,20.04,9.32,17441367,3650284,20.93,1065.8,0.58,0.37,0.21
1.7,50.21,1.46,98.66,1.34,3743.98,0.3,0.3,0.14,3.34,3.29,7,0.95,0,223.23,28.91,0,0,0.1,0.59,433.89,43.7,486.51,85.49,51.45,25.37,8.71,14.79,1.37,11.94,1.49,76.91,46.73,22.92,7.22,13204860,3041843,23.04,963.24,0.54,0.33,0.21
1.81,49.92,4.46,88.46,11.54,3741.39,0.34,0.33,0.47,2.96,3.08,2.11,1.2,0,224.83,25.63,0,0,0.1,0.56,379.87,37.04,465.2,72.8,36.64,26.75,10.23,13.35,1.4,9.62,2.33,56.69,31.82,16.93,7.91,22428626,3385912,15.1,921.11,0.62,0.41,0.21
1.92,44.86,11.45,88.98,11.02,3744.83,0.27,0.3,0.15,3.67,3.29,6.77,1.06,0,229.23,28.01,0,0,0.11,0.58,398.83,42.17,478.21,110.2,48.57,46.26,19.42,27.48,1.44,21.45,4.59,82.33,43.42,24.04,14.83,39621353,3232113,8.16,948.09,0.55,0.34,0.21
1.67,50.62,0.03,99.87,0.13,3743.38,0.3,0.3,0.64,3.28,3.28,1.57,0.92,0,220.56,30.02,0,0,0.09,0.59,431.24,40.81,486.84,80.25,52.65,23.57,12.78,5.36,0.52,1.2,3.63,79.62,48.8,21.63,9.15,11888557,3237936,27.24,961.01,0.54,0.33,0.21
1.66,50.81,0.07,99.88,0.12,3743.04,0.3,0.3,0.25,3.28,3.28,3.98,0.93,0,220.71,30.36,0,0,0.1,0.61,450.78,43.54,492.47,86.88,51.97,25.02,8.91,4.08,0.93,1.4,1.76,77.83,49.01,21.63,7.15,12763233,3092855,24.23,910.7,0.57,0.36,0.21
1.71,51.44,0.59,99.63,0.37,3743.82,0.3,0.3,0.1,3.33,3.3,10.21,0.96,0,221.76,28.65,0,0,0.09,0.6,445.24,41.87,490.45,80.18,50.81,24.94,7.18,3.82,0.61,2.28,0.93,76.78,48.47,22.01,6.25,12367926,3253759,26.31,976.19,0.6,0.39,0.21
1.7,49.86,2.17,97.98,2.02,3743.54,0.3,0.31,0.14,3.35,3.28,6.94,0.95,0,222.87,29.45,0,0,0.09,0.55,387.68,34.1,452.35,89.79,50.21,31.13,11.27,18.04,2.98,12.93,2.14,77.13,46.06,21.9,9.14,18788614,3173307,16.89,901.19,0.58,0.37,0.21
1.68,50.76,0.55,99.53,0.47,3743.65,0.3,0.3,0.13,3.31,3.29,7.56,0.94,0,222.54,26.57,0,0,0.1,0.6,435.39,45.62,492.35,80.54,45.05,22.63,8.86,5.44,0.85,2.67,1.92,77.08,48.23,21.87,6.93,12042418,3169840,26.32,932.09,0.64,0.43,0.21
1.72,51.04,1.17,98.99,1.01,3743.96,0.3,0.3,0.13,3.35,3.31,7.47,0.96,0,221.31,29.88,0,0,0.1,0.59,426.41,44.57,489.7,80.18,48.58,22.31,7.02,3.04,0.76,1.29,0.99,75.68,47.94,21.66,6.03,12240687,3388120,27.68,875.35,0.56,0.34,0.21
1.68,51.29,0.51,96.97,3.03,3735.99,0.32,0.31,0.98,3.17,3.23,1.02,0.98,0,220.31,30.27,0,0,0.09,0.6,444.78,42.17,491.91,79.15,50.84,23.29,7.14,3.79,0.9,1.63,1.27,74.56,47.24,21.41,5.87,10722214,3312700,30.9,922.15,0.53,0.32,0.21
1.69,50.93,0.32,99.72,0.28,3742.21,0.3,0.3,0.14,3.35,3.34,7.38,0.93,0,220.3,30.21,0,0,0.1,0.6,443.42,42.32,492.74,80.54,50.44,23.47,7.39,2.57,0.23,1.1,1.24,76.73,48.46,22.07,6.15,11709224,3459417,29.54,907.03,0.55,0.34,0.21
1.67,50.63,0.06,99.8,0.2,3744.64,0.3,0.3,0.48,3.29,3.29,2.07,0.93,0,224.01,28.77,0,0,0.1,0.6,444.31,44.69,493.36,69.51,50.6,23.59,6.6,13.39,6.01,6.23,1.15,67.31,41.65,20.17,5.45,11881938,3285815,27.65,935.26,0.59,0.38,0.21
1.67,50.84,0.19,99.76,0.24,3743.79,0.3,0.3,0.19,3.3,3.29,5.2,0.93,0,221.07,30.2,0,0,0.1,0.6,451.69,43.71,491.7,80.84,50.7,23.37,7.43,3.43,0.83,1.28,1.32,76.74,48.67,21.92,6.11,11916334,3223516,27.05,934.55,0.57,0.36,0.21
1.67,50.54,0.53,99.53,0.47,3743.72,0.3,0.31,0.14,3.3,3.28,7.3,0.93,0,222.37,28.68,0,0,0.09,0.6,447.42,41.82,491.95,80.77,50.05,28,7.01,4.3,1.03,2.28,0.99,75.7,48.02,21.61,6.02,12320360,3167139,25.71,885.91,0.55,0.34,0.21
1.7,51.59,0.03,100,0,3742.65,0.29,0.3,0.02,3.39,3.39,44.97,0.93,0,220.64,30.34,0,0,0.1,0.6,447.14,43.94,493.17,77.84,48.62,27.63,6.52,2.35,0.35,1.16,0.84,76.26,48.69,21.84,5.68,11875178,3111539,26.2,946.56,0.55,0.33,0.21
1.72,51.8,0.7,99.13,0.87,3742.67,0.3,0.3,0.19,3.37,3.35,5.16,0.96,0,220.66,30.37,0,0,0.09,0.6,447.96,42.5,493.06,80.76,43.73,28.83,7.13,11.8,2.17,8.58,1.05,75.93,47.73,22.07,6.08,14584983,3340115,22.9,996.77,0.57,0.36,0.21
1.72,50.36,2.02,98.46,1.54,3741.88,0.29,0.3,0.12,3.41,3.33,8.55,0.95,0,225.61,28.57,0,0,0.1,0.6,445.33,44.3,487.77,80.56,50.98,23.98,7.48,7.9,1.42,5.13,1.34,65.31,40.7,18.43,6.14,13101481,3149446,24.04,969.25,0.57,0.36,0.21
1.72,52.18,0.42,99.57,0.43,3743.52,0.33,0.33,0.18,3,2.99,5.68,1.08,0,220.38,30.12,0,0,0.1,0.6,447.65,42.95,491.71,78.1,43.17,31.26,8.35,7.6,2.04,3.14,2.42,73.54,46.08,21.48,5.93,14456692,3378657,23.37,954.22,0.6,0.38,0.21
1.72,50.45,2.04,98.59,1.41,3742.83,0.3,0.31,0.11,3.36,3.28,9.26,0.97,0,222.47,29.76,0,0,0.09,0.56,410.7,37.55,455.1,79.8,52.43,23.66,6.79,2.86,0.63,1.22,1.01,76.26,48.81,21.63,5.77,12345534,3136728,25.41,965.08,0.57,0.36,0.21
1.68,50.88,0.4,99.06,0.94,3743.45,0.3,0.3,0.37,3.31,3.31,2.71,0.94,0,221.28,29.27,0,0,0.09,0.6,447.42,41.33,489.76,78.74,50.72,25.25,6.91,8.31,0.7,6.65,0.97,73.78,46.09,21.71,5.94,12934621,3548243,27.43,991.17,0.55,0.34,0.21
1.7,51.12,0.61,98.76,1.24,3744.13,0.3,0.3,0.31,3.34,3.34,3.18,0.94,0,221.21,29.89,0,0,0.1,0.6,435.22,42.83,486.79,80.72,50.55,25.05,7.17,7.93,1.33,5.55,1.06,75.37,47.44,21.76,6.12,14112856,3272817,23.19,962.45,0.58,0.36,0.21
1.72,51.61,0.38,96.13,3.87,3746.91,0.34,0.33,1.79,2.97,3.06,0.56,1.08,0,221.67,28.04,0,0,0.09,0.6,446.55,42.05,492.76,73.89,45.82,22.25,8.64,4.67,1.28,1.54,1.85,69.34,41.85,20.66,6.79,12053223,3364189,27.91,966.52,0.59,0.38,0.21
1.75,50.56,2.59,95.29,4.71,3741.84,0.3,0.3,0.29,3.33,3.33,3.45,1,0,221.67,29.91,0,0,0.1,0.6,439.3,41.74,490.43,80.94,47.63,25.93,10.68,8.28,1.09,3.48,3.71,77.48,48.71,21.76,6.97,15249842,3399063,22.29,951.06,0.55,0.34,0.21
1.72,52.71,0.07,99.8,0.2,3740.71,0.34,0.34,0.48,2.96,2.96,2.1,1.1,0,220.58,30.26,0,0,0.1,0.6,448.74,44.46,492.8,85.62,51.33,23.39,9.57,6.25,2.15,2.14,1.96,71.33,42.69,20.98,7.62,11116020,3263794,29.36,1018.5,0.56,0.34,0.21
1.68,51.13,0.15,99.55,0.45,3743.03,0.3,0.3,0.45,3.31,3.32,2.21,0.94,0,221.01,30.19,0,0,0.1,0.6,444.71,42.28,491.91,82.37,49.99,23.46,8.69,4.8,0.87,2.22,1.72,78.18,49.44,21.72,6.98,11540925,3062585,26.54,970.62,0.54,0.33,0.21
1.69,50.54,1.12,97.39,2.61,3743.34,0.31,0.3,0.37,3.27,3.29,2.71,0.96,0,220.88,30.21,0,0,0.09,0.6,443.65,41.54,485.75,85.01,46.14,29.78,7.81,5.5,1.21,2.84,1.46,74.93,47.85,20.69,6.35,12730807,3306606,25.97,989.37,0.56,0.35,0.21
1.71,51.4,0.56,99.56,0.44,3743.46,0.36,0.36,0.15,2.77,2.75,6.83,1.15,0,240,26.64,0,0,0.09,0.6,446.33,41.34,491.09,82.19,51.14,23.2,7.07,4.27,0.81,2.33,1.13,74.75,47.65,21.1,5.95,13324421,3304674,24.8,857.62,0.59,0.38,0.21
1.75,53.07,0.06,99.92,0.08,3742.62,0.35,0.35,0.25,2.86,2.86,4.06,1.17,0,231.23,30.81,0,0,0.09,0.6,447.31,42.42,492.42,80.36,51.16,25.88,6.97,5.47,1.97,2.55,0.94,76.45,48.94,21.45,6.02,11804388,3195488,27.07,990.13,0.58,0.37,0.21
1.67,50.41,0.04,99.76,0.24,3749.25,0.31,0.31,1,3.26,3.27,1,0.93,0,220.56,30.16,0,0,0.09,0.58,426.89,39.12,473.43,81.39,50.98,23.73,7.04,5.84,1.64,3.2,1,76.85,48.9,21.86,6.04,12350306,3103027,25.13,1016.88,0.54,0.33,0.21
1.7,51.3,0.24,99.38,0.62,3743.97,0.3,0.3,0.4,3.31,3.31,2.47,0.95,0,220.99,30.16,0,0,0.09,0.6,448.05,42.41,492.6,80.22,51.27,23.55,7.04,3.38,1,1.41,0.97,75.72,48.69,20.91,6.07,11341859,3471146,30.6,1018.64,0.55,0.34,0.21
1.69,50.52,0.8,96.96,3.04,3741.55,0.31,0.3,0.61,3.23,3.28,1.65,0.96,0,222.06,30.07,0,0,0.1,0.6,442.11,44.14,489.72,83.36,53.01,25.48,8.57,7.35,1.2,4.59,1.57,75.44,47,21.4,7,15826322,3180060,20.09,931.35,0.55,0.34,0.21
1.66,50.92,0.02,99.76,0.24,3743.21,0.31,0.31,1.94,3.26,3.27,0.51,0.93,0,220.58,30.04,0,0,0.1,0.61,450.93,44.76,493.23,79.77,51.39,22.97,6.85,2.7,0.63,1.15,0.92,76.51,48.82,21.71,5.94,11197302,3124433,27.9,981.12,0.57,0.35,0.21
1.7,51.97,0.07,99.94,0.06,3741.91,0.34,0.34,0.14,2.95,2.95,7.32,1.08,0,220.63,30.36,0,0,0.09,0.6,444.47,41.85,491.1,80.42,52.49,23.51,7.13,3.75,1.1,1.59,1.06,75.6,48.52,20.97,6.07,12874612,3314604,25.75,989.2,0.56,0.34,0.21
1.69,50.88,0.74,98.98,1.02,3742.87,0.3,0.3,0.22,3.32,3.31,4.65,0.94,0,220.26,29.1,0,0,0.09,0.6,451.16,42.8,492.19,82.8,44.3,24.91,8.06,10.01,1.5,7.15,1.37,67.89,41.22,19.93,6.69,12991720,3856820,29.69,796.42,0.55,0.34,0.21
1.71,49.89,2.19,93.73,6.27,3744.55,0.31,0.31,0.47,3.18,3.25,2.13,1.01,0,213.36,27.05,0,0,0.09,0.6,447.19,42.01,491.95,80.44,51.66,23.46,7.14,6.38,2.24,3.19,0.96,73.01,46.39,20.4,6.18,14448504,3875382,26.82,1120.17,0.59,0.38,0.21
1.68,51.04,0.04,99.87,0.13,3747.78,0.3,0.3,0.46,3.3,3.3,2.16,0.94,0,222.25,29.87,0,0,0.1,0.6,439.58,45.15,491.55,79.78,50.7,23.47,6.84,2.88,0.4,1.62,0.87,75.42,47.86,21.54,5.97,11524940,3095307,26.86,1030.58,0.54,0.33,0.21
1.7,51.3,0.24,99.42,0.58,3744.02,0.31,0.31,0.38,3.26,3.26,2.64,0.97,0,220.89,30.29,0,0,0.09,0.57,425.18,39.22,467.3,84.1,50.9,23.23,8.74,3.67,0.74,1.36,1.56,76.64,48.41,21.01,7.18,11982411,3248422,27.11,1002.17,0.56,0.34,0.21
1.67,50.54,0.79,95.51,4.49,3741.82,0.32,0.31,0.93,3.14,3.23,1.08,0.98,0,221.42,30.05,0,0,0.1,0.58,414.01,39.74,484.15,79.2,50.54,27.34,6.82,8.4,1.71,5.74,0.96,69.82,43.53,20.39,5.86,11504884,3097814,26.93,1004.22,0.56,0.35,0.21
1.67,50.64,0.1,99.49,0.51,3743.68,0.31,0.31,0.78,3.26,3.27,1.29,0.93,0,232.74,26.43,0,0,0.09,0.6,446.95,42.17,492.01,79.88,52.02,24.38,7.04,5.96,0.55,4.5,0.91,76.87,48.42,22.26,6.14,13385911,3449741,25.77,935.6,0.59,0.38,0.21
1.68,50.48,0.56,99.39,0.61,3742.51,0.3,0.31,0.17,3.28,3.27,5.9,0.94,0,222,29.07,0,0,0.09,0.6,446.13,42.38,491.98,83.97,43.88,28.88,7.72,6.13,1.65,3.02,1.46,75.14,48.34,20.5,6.26,12967909,3147868,24.27,1002.41,0.57,0.36,0.21
1.68,49.69,1.04,99.32,0.68,3744.45,0.3,0.31,0.1,3.29,3.24,9.82,0.93,0,220.21,29.43,0,0,0.09,0.6,451.5,42.09,490.36,81.07,51.66,23.46,6.92,3.1,0.92,1.32,0.86,77.4,49.5,21.79,6.07,11995279,3504256,29.21,968.53,0.55,0.34,0.21
1.69,49.66,2.16,98.37,1.63,3741.9,0.3,0.31,0.12,3.3,3.22,8.44,0.95,0,220.69,30.32,0,0,0.1,0.6,448.63,42.77,492.26,80.17,44.57,20.74,6.91,3.98,1.37,1.67,0.95,70.77,45.44,19.33,5.96,11440054,3197183,27.95,989.26,0.58,0.37,0.21
1.68,50.02,0.58,99.28,0.72,3747.31,0.31,0.31,0.19,3.27,3.26,5.18,0.93,0,220.08,29.99,0,0,0.1,0.6,448.21,43.99,491.67,81.53,49.81,23.57,7.29,3.16,0.73,1.23,1.2,76.72,48.71,21.87,6.09,11910512,3308093,27.77,995.95,0.59,0.38,0.21
1.76,50.03,3.29,96.49,3.51,3743.4,0.3,0.3,0.17,3.38,3.29,5.95,1,0,224.03,29.97,0,0,0.1,0.6,444.9,42.43,491.08,80.56,46.51,25.92,6.99,3.72,1.27,1.5,0.96,75.25,48.33,20.85,6.03,14511687,3243110,22.35,942.94,0.56,0.35,0.21
1.7,50.6,1.46,97.23,2.77,3740.55,0.3,0.3,0.3,3.29,3.29,3.33,0.97,0,220.64,30.15,0,0,0.09,0.6,445.52,41.73,492.6,91.6,50.59,24.29,13.85,8.33,1.28,2.79,4.25,79.47,47.99,21.83,9.6,12931324,3155468,24.4,1012.97,0.55,0.34,0.21
1.71,52.23,0.03,99.9,0.1,3744.12,0.34,0.34,0.57,2.97,2.97,1.77,1.08,0,220.59,30.13,0,0,0.1,0.58,416.08,40.56,479.27,80.61,50.45,25.09,7.05,3.62,1.19,1.41,1.02,76.82,48.98,21.77,6.02,13556643,3191421,23.54,940.03,0.54,0.33,0.21
1.68,50.73,0.64,98.72,1.28,3742.92,0.3,0.3,0.31,3.29,3.29,3.19,0.94,0,220.91,30.29,0,0,0.1,0.6,439.15,41.78,489.51,91.48,50.52,27.35,11.18,15.12,1.96,10.79,2.37,77.46,46.42,22.19,8.81,14449352,3315979,22.95,1004.32,0.56,0.35,0.21
1.65,50.41,0.15,99.57,0.43,3743.07,0.31,0.31,0.43,3.24,3.25,2.33,0.93,0,222.27,28.62,0,0,0.09,0.6,444.85,40.77,489.56,80.97,50.96,23.42,7.24,2.89,0.57,1.24,1.07,77.14,49.01,21.91,6.18,11294642,3125997,27.68,1029.5,0.54,0.33,0.21
1.68,50.87,0.56,99.26,0.74,3743.55,0.3,0.3,0.21,3.31,3.3,4.87,0.94,0,220.59,30.2,0,0,0.1,0.6,443.74,42.91,491.66,79.96,50.66,25.02,7.26,5.85,1.58,3.06,1.22,74.74,47.49,21.16,6.05,12692109,3244828,25.57,969.98,0.6,0.39,0.21
1.67,50.76,0.06,99.8,0.2,3746.96,0.3,0.3,0.52,3.29,3.29,1.93,0.93,0,223.74,28.89,0,0,0.1,0.6,443.47,43.05,490.94,80.69,49.77,27.16,7.13,4.84,0.96,2.82,1.05,73.54,46.55,20.87,6.08,14198684,3155411,22.22,998.14,0.54,0.33,0.21
1.79,49.65,4.52,95.82,4.18,3741.88,0.29,0.3,0.14,3.49,3.33,6.96,1,0,224.2,28.51,0,0,0.1,0.59,430.65,41.35,484.92,89.09,49.36,35.03,10.57,15.97,1.63,12.3,2.04,77.98,46.43,22.98,8.52,21896551,3592072,16.4,969.63,0.57,0.36,0.21
1.66,51.12,0.06,99.74,0.26,3741.52,0.31,0.31,0.66,3.26,3.26,1.5,0.94,0,220.61,30.33,0,0,0.1,0.6,446.35,42.77,490.27,86.65,49.98,28.04,9.67,9.71,1.19,6.5,2.02,73.69,45.3,20.71,7.65,14167567,3086547,21.79,962.51,0.58,0.37,0.21
1.71,50.31,1.58,97.81,2.19,3741.99,0.3,0.31,0.22,3.3,3.27,4.59,0.97,0,222.48,28.96,0,0,0.1,0.6,437.32,43.93,487.08,82.65,50.81,23.6,9.53,10.21,1.09,6.66,2.45,76.9,47.43,22.35,7.08,13886766,3358467,24.18,933.49,0.56,0.35,0.21
1.75,48.31,5.09,96.2,3.8,3742.45,0.29,0.31,0.11,3.48,3.27,8.72,0.97,0,224.09,29.4,0,0,0.1,0.6,442.35,42.1,492.59,89.06,49.35,32.37,10.01,14.84,2.09,10.72,2.03,76.07,46.25,21.8,7.98,18475905,3099365,16.78,979.79,0.56,0.35,0.21
1.7,51.07,0.85,97.61,2.39,3742.65,0.32,0.32,0.47,3.09,3.11,2.12,1.03,0,221.67,29.48,0,0,0.09,0.56,407.44,35.53,461.72,85.38,51.87,25.25,12.62,12.83,0.91,8.64,3.28,79.35,47.56,22.4,9.34,15225651,3328202,21.86,937.61,0.58,0.37,0.21
1.72,50.33,2.26,95.3,4.7,3742.23,0.31,0.31,0.34,3.25,3.26,2.97,1,0,220.71,30.37,0,0,0.1,0.6,443.89,42.64,491.61,84.4,50.31,24.55,9.05,11.69,2.09,7.96,1.64,67.89,40.95,19.5,7.4,13309061,3096953,23.27,944.29,0.58,0.37,0.21
1.7,50.58,0.93,99.24,0.76,3745.92,0.3,0.3,0.13,3.36,3.32,7.97,0.94,0,222.83,29.45,0,0,0.09,0.59,431.86,40.69,488.17,89.97,49.87,30.7,10.88,7.51,0.51,4.89,2.11,78.99,47.77,22.41,8.77,17352297,3343455,19.27,980.67,0.56,0.35,0.21
1.69,50.74,0.9,98.71,1.29,3743.18,0.3,0.3,0.22,3.32,3.31,4.51,0.94,0,221.74,29.46,0,0,0.1,0.6,448.5,43.04,492.27,79.67,50.14,26.98,7.04,3.49,1.05,1.39,1.05,76.08,48.42,21.62,5.99,11237011,3050091,27.14,954.53,0.55,0.34,0.21
1.7,49.52,2.51,96.71,3.29,3742.7,0.3,0.3,0.2,3.34,3.29,4.9,0.95,0,219.49,27.99,0,0,0.09,0.56,412.52,37.29,456.77,71.77,40.84,22.69,9.67,7.81,2.82,3.69,1.3,65.53,39.01,18.12,8.36,13682216,3286408,24.02,884.31,0.63,0.42,0.21
1.77,50.03,3.89,97.03,2.97,3742.82,0.3,0.32,0.12,3.3,3.15,8.01,1.04,0,222.4,29.99,0,0,0.1,0.6,439.13,41.97,489.81,83.79,49.38,29.77,8.65,3.79,0.99,1.44,1.36,77.76,48.66,21.76,7.29,17720080,3128359,17.65,1006.03,0.55,0.34,0.21
1.7,50.69,1.32,96.52,3.48,3743.46,0.3,0.3,0.42,3.29,3.32,2.39,0.97,0,221.09,30.15,0,0,0.09,0.56,415.74,36.57,456.51,80.66,49.63,28.04,7.19,4.93,1.03,2.88,1.02,76.21,48.23,21.77,6.17,14962300,3515513,23.5,985.46,0.57,0.36,0.21
1.71,49.81,2.36,97.62,2.38,3742.82,0.3,0.3,0.16,3.36,3.29,6.39,0.95,0,222.42,29.58,0,0,0.09,0.6,439.3,41.42,489.91,87.53,43.08,31.33,10.15,4.19,0.56,1.89,1.74,79.03,48.72,21.85,8.41,15185939,3088705,20.34,948.84,0.57,0.36,0.21
1.7,49.32,2.62,97.94,2.06,3744.27,0.3,0.31,0.12,3.37,3.27,8.23,0.94,0,221.31,30.13,0,0,0.1,0.56,385.2,37.03,445.99,79.47,50.21,28.25,8.04,9.28,2.41,5.24,1.63,76.76,48.39,21.92,6.41,13991092,3119604,22.3,1000.06,0.55,0.34,0.21
1.68,50.85,0.32,99.75,0.25,3745.74,0.3,0.3,0.12,3.32,3.3,8.19,0.93,0,220.59,30.31,0,0,0.09,0.6,446.39,42.17,492.61,82.32,50.26,25.11,7.86,4.52,0.9,2.38,1.25,77.06,48.79,21.61,6.61,13295494,3108192,23.38,980.04,0.55,0.34,0.21
1.69,51.35,0.13,99.75,0.25,3742.58,0.3,0.3,0.3,3.32,3.32,3.39,0.94,0,221.55,30.21,0,0,0.09,0.6,444.29,41.79,491.83,79.72,51.71,23.31,6.88,9.25,1.66,6.66,0.92,71.35,44.48,20.87,5.96,11409909,3194275,28,995.39,0.53,0.32,0.21
1.7,50.12,1.77,97.67,2.33,3742.93,0.3,0.3,0.2,3.34,3.31,4.9,0.95,0,224.05,28.7,0,0,0.1,0.58,410.84,39.84,478.71,78.8,50.63,25.25,6.73,8.03,2.16,4.99,0.89,74.17,47.17,21.11,5.84,13003429,3131451,24.08,945.58,0.55,0.33,0.21
1.7,49.7,2.45,94.86,5.14,3742.99,0.31,0.31,0.34,3.2,3.21,2.93,1,0,220.24,30.21,0,0,0.09,0.6,445.01,42.19,492.08,78.63,50.84,23.49,7.54,3.34,0.8,1.31,1.23,77.22,48.94,21.93,6.31,13245990,3279470,24.76,1021.58,0.55,0.34,0.21
1.65,50.48,0,100,0,3743.63,0.31,0.31,0,3.26,3.26,0,0.92,0,220.33,30.21,0,0,0.1,0.6,435.43,41.8,487.58,77.86,50.89,23.43,8.27,4.55,1.46,1.5,1.59,77.68,49.21,21.73,6.68,11776429,3284206,27.89,991.6,0.56,0.35,0.21
1.66,50.42,0.37,99.51,0.49,3744.34,0.31,0.31,0.21,3.26,3.25,4.86,0.93,0,220.77,30.36,0,0,0.09,0.6,443.48,41.8,489.92,80.17,50.67,23.34,6.99,4.35,0.52,2.87,0.95,76.22,48.21,21.92,6.04,11799538,2983824,25.29,996.75,0.57,0.36,0.21
1.66,50.79,0,100,0,3742.92,0.3,0.3,0,3.29,3.29,0,0.92,0,220.65,30.35,0,0,0.1,0.59,420.65,40.61,481.11,83.26,50.76,25.34,8.45,5.8,1.91,2.37,1.53,76.99,48.49,21.53,6.92,12659191,3258816,25.74,995.35,0.56,0.35,0.21
1.69,50.53,0.79,97.65,2.35,3747.38,0.3,0.3,0.46,3.29,3.32,2.16,0.95,0,221.61,30.06,0,0,0.1,0.6,446.02,44.23,492.03,77.4,42.86,31.27,13.16,10.75,0.63,6.13,3.99,79.29,47.75,22.34,9.16,14335015,3350573,23.37,1015.58,0.56,0.35,0.21
1.86,48.15,7.86,91.24,8.76,3742.34,0.28,0.3,0.17,3.57,3.37,5.72,1.05,0,221.28,29.62,0,0,0.09,0.6,444.24,42.18,492.21,78.67,50.26,24.88,6.13,4.3,1.91,1.76,0.63,72.31,46.58,20.2,5.5,11796237,2839881,24.07,959.54,0.6,0.39,0.21
1.68,50.61,0.83,99.13,0.87,3743.19,0.3,0.31,0.16,3.29,3.27,6.17,0.94,0,221.05,30.13,0,0,0.09,0.59,439.03,41.56,484.84,77.21,51.21,25.31,8.95,4.31,1.17,1.49,1.66,77.25,48.42,21.49,7.29,10710329,2847442,26.59,970.04,0.55,0.34,0.21
1.69,50.53,1.05,95.09,4.91,3743.73,0.31,0.3,0.75,3.21,3.3,1.32,0.98,0,220.66,30.24,0,0,0.09,0.6,447.12,42.31,491.48,81.02,51.16,23.45,7.16,3.1,0.82,1.29,1,76.91,48.88,21.82,6.16,11803366,3439611,29.14,990.15,0.56,0.35,0.21
1.68,50.39,0.9,99.04,0.96,3743.41,0.31,0.31,0.17,3.24,3.21,5.9,0.95,0,221.6,29.05,0,0,0.1,0.6,448.14,43.26,491.57,80.09,51.06,23.34,7.01,3.99,1.44,1.56,1,75.57,48.65,20.87,6.01,10660552,3017299,28.3,1011.86,0.58,0.37,0.21
1.73,50.89,1.68,94.64,5.36,3742.79,0.3,0.3,0.51,3.28,3.35,1.95,1,0,222.24,29.92,0,0,0.1,0.6,448.07,42.77,492.87,81.42,49.37,23.92,7.88,2.93,0.45,1.18,1.3,77.55,49.08,21.84,6.58,13816449,3224900,23.34,982.53,0.56,0.35,0.21
1.67,50.67,0.44,99.53,0.47,3744.21,0.3,0.3,0.17,3.31,3.29,5.99,0.93,0,222.67,29.81,0,0,0.1,0.6,437.94,41.66,489.06,80.56,51.78,24.63,7.26,7.2,2.16,3.91,1.12,73.9,46.84,20.89,6.13,13742637,3381913,24.61,980.56,0.55,0.34,0.21
1.7,50.8,0.86,98.73,1.27,3747.3,0.3,0.3,0.23,3.34,3.33,4.38,0.95,0,221.48,30.07,0,0,0.1,0.6,441.62,44.31,490.14,80.93,52.7,23.95,7.15,3.14,0.72,1.3,1.12,77.17,49.28,21.82,6.03,11099960,3038077,27.37,1025.65,0.54,0.33,0.21
1.72,50.84,1.48,98.91,1.09,3742.3,0.29,0.3,0.11,3.4,3.34,8.78,0.95,0,220.69,30.36,0,0,0.1,0.6,442.15,42.4,491.57,81.02,49.67,25.38,7.29,6.93,2.37,3.51,1.04,74.39,47.59,20.51,6.24,13938743,3285890,23.57,978.06,0.57,0.36,0.21
1.71,50.5,1.41,98.97,1.03,3742.67,0.3,0.3,0.11,3.39,3.33,8.92,0.94,0,221.51,29.39,0,0,0.1,0.6,439.55,42.72,488.59,87.02,50.86,25.11,9.79,5.07,0.99,2.35,1.72,77.27,47.76,21.39,8.07,12423248,3123496,25.14,967.6,0.58,0.37,0.21
1.68,51.04,0.55,97.28,2.72,3743.08,0.31,0.3,0.79,3.23,3.29,1.26,0.97,0,219.66,30.02,0,0,0.09,0.6,448.05,42.47,492.08,79.7,51.2,25.19,7.48,2.96,0.31,1.14,1.51,76.9,48.93,21.95,5.97,13620901,3309960,24.3,942.99,0.58,0.37,0.21
1.7,51.77,0.14,99.83,0.17,3741.71,0.32,0.32,0.2,3.14,3.14,5.03,1.01,0,221.15,30.18,0,0,0.1,0.59,429.5,41.06,480.48,69.69,52.13,23.64,6.32,4.1,1.36,1.7,1.05,73.69,47.86,20.52,5.27,13982724,3635153,26,941.14,0.56,0.35,0.21
1.74,50.07,2.91,97.35,2.65,3743.64,0.29,0.3,0.14,3.42,3.32,7.11,0.97,0,221.83,29.44,0,0,0.09,0.56,404.79,37.27,457.99,85.24,49.75,28.36,9.26,9.77,1,6.91,1.86,76.89,47.64,21.81,7.4,14700844,3177234,21.61,931.46,0.57,0.35,0.21
1.73,49.91,2.67,97.92,2.08,3743,0.3,0.31,0.12,3.33,3.23,8.13,0.98,0,224.2,28.72,0,0,0.1,0.6,437.68,41.98,488.28,79.89,43.69,27.39,7.05,7.6,1.22,5.28,1.11,75.8,48.23,21.58,5.95,13827957,3238725,23.42,962.61,0.56,0.35,0.21
1.67,50.09,0.35,98.67,1.33,3745.36,0.31,0.31,0.59,3.25,3.27,1.68,0.94,0,221.47,30.03,0,0,0.1,0.6,434.51,45.04,492.64,82.57,52.02,23.21,7.83,3.57,0.92,1.38,1.26,77.09,48.99,21.49,6.57,10873786,2934448,26.99,1004.24,0.57,0.36,0.21
1.77,50.71,3.04,94.87,5.13,3742.48,0.33,0.33,0.3,3.02,3.01,3.33,1.13,0,221.55,30.02,0,0,0.1,0.6,444.53,43.11,491.55,84.56,51.2,27.05,8.4,5.32,1.94,2.01,1.37,72.7,45.63,20,7.02,12277017,3107296,25.31,935,0.56,0.34,0.21
1.72,50.08,2.07,92.19,7.81,3743.43,0.32,0.3,0.62,3.16,3.3,1.6,1.02,0,218.58,28.91,0,0,0.09,0.56,404.16,38.02,452,82.48,51.74,24.68,8.17,6.68,1.35,3.85,1.48,75.95,47.84,21.37,6.69,14276399,3403153,23.84,963.27,0.59,0.38,0.21
1.69,50.24,1.36,99.05,0.95,3744.27,0.3,0.3,0.11,3.34,3.29,9.27,0.94,0,220.63,30.36,0,0,0.1,0.6,443.38,43.59,489.36,80.57,51.73,23.31,6.85,7.89,0.49,6.49,0.91,68.72,42.37,20.37,5.94,14725731,3195713,21.7,965.25,0.55,0.34,0.21
1.68,50.75,0.13,99.63,0.37,3744.03,0.31,0.31,0.46,3.27,3.27,2.19,0.94,0,220.91,30.17,0,0,0.1,0.6,443.82,42.54,492.22,84.55,52.43,24.01,8.81,3.34,0.69,1.28,1.37,78.26,49.04,21.74,7.45,12564344,3330182,26.51,942.66,0.55,0.34,0.21
1.71,50.11,1.78,98.49,1.51,3744.12,0.3,0.3,0.13,3.34,3.28,7.58,0.95,0,220.51,30.27,0,0,0.1,0.6,446.37,42.66,491.39,80.81,51.2,25.51,7.39,3.16,0.69,1.3,1.18,77.18,49.25,21.67,6.21,11517425,3148336,27.34,967.33,0.59,0.38,0.21
1.72,51.06,1.47,96,4,3743.07,0.37,0.36,0.53,2.71,2.74,1.9,1.2,0,243.03,27.19,0,0,0.09,0.54,399.16,34.26,438.13,78.84,51.54,24.72,7.17,4.59,1.03,2.2,1.35,77.03,49.66,21.51,5.82,14313594,3313663,23.15,892.36,0.6,0.39,0.21
1.73,50.58,1.28,95.84,4.16,3745.87,0.34,0.33,0.57,2.97,3.02,1.77,1.08,0,221.36,28.16,0,0,0.1,0.6,446.32,42.74,493.73,83.46,50.17,27,8.31,8.55,2.17,4.94,1.44,63.16,36.79,19.47,6.86,15082009,3304593,21.91,964.66,0.58,0.37,0.21
1.67,50.75,0.09,99.58,0.42,3744.15,0.31,0.31,0.77,3.22,3.23,1.3,0.95,0,221.47,29.86,0,0,0.1,0.6,448.24,43.25,491.35,80.07,44.22,27.61,6.98,3.85,1.18,1.77,0.91,75.58,48.18,21.28,6.07,14350026,3336089,23.25,951.28,0.55,0.34,0.21
1.76,48.11,5.44,94.24,5.76,3742.27,0.29,0.31,0.17,3.44,3.28,6.06,0.98,0,217.41,27.27,0,0,0.1,0.6,448.02,44.92,492.39,79.47,51.27,23.38,6.76,3.14,0.77,1.4,0.97,77,49.45,21.71,5.79,12926409,3505443,27.12,1095.77,0.57,0.36,0.21
1.73,49.02,3.41,94.97,5.03,3743.34,0.3,0.31,0.23,3.31,3.25,4.26,0.99,0,221.46,30.11,0,0,0.09,0.6,446.54,42.39,491.05,81.23,51.35,23.56,7.44,5.18,1.02,3.14,1.02,77.21,48.76,21.98,6.42,14075984,3678104,26.13,1184.7,0.57,0.36,0.21
1.7,50.88,0.91,99.22,0.78,3743.16,0.29,0.3,0.13,3.39,3.36,7.67,0.93,0,221.55,29.93,0,0,0.1,0.6,448.55,45.01,493.16,80.01,51.08,27.07,6.98,4.3,1.09,2.3,0.91,76.35,48.6,21.63,6.07,12223418,3078628,25.19,972.76,0.55,0.34,0.21
1.68,50.63,0.75,99.34,0.66,3743.49,0.3,0.3,0.14,3.33,3.3,7.39,0.93,0,221.13,30.22,0,0,0.09,0.6,450.48,42.66,491.23,80.41,44.55,27.63,8.29,4.82,1.05,2.08,1.7,75.62,47.66,21.32,6.6,13236251,3321645,25.1,948.33,0.57,0.36,0.21
1.71,50.6,1.31,98.03,1.97,3744.67,0.3,0.3,0.24,3.31,3.3,4.24,0.96,0,224.12,27.83,0,0,0.1,0.61,452.31,45.49,492.92,83.07,51.38,25.66,8.19,6.92,1.56,4.03,1.32,69.78,43.18,19.69,6.87,16816926,3386994,20.14,949.58,0.55,0.34,0.21
1.71,50.7,2.03,92.58,7.42,3733.36,0.31,0.3,0.61,3.18,3.3,1.65,1.02,0,221.84,30.04,0,0,0.1,0.6,449.08,43.64,492.29,89.38,51.36,23.34,10.24,5.74,1.72,2.03,2,78.33,48.54,21.49,8.24,11983288,3165252,26.41,941.89,0.58,0.37,0.21
1.69,49.71,1.96,98.32,1.68,3743.32,0.3,0.31,0.13,3.33,3.26,7.48,0.94,0,224.05,29.66,0,0,0.1,0.6,441.05,42.43,489.51,82.19,51.82,25.3,7.66,4.46,1.21,2.1,1.14,76.08,48.7,20.82,6.51,13608728,3247285,23.86,937.89,0.59,0.38,0.21
1.69,49.84,1.94,94.46,5.54,3741.07,0.31,0.31,0.46,3.2,3.26,2.16,0.98,0,220.53,30.29,0,0,0.1,0.61,451.01,43.41,491.85,81.77,50.82,31.47,7.49,10.73,3.43,6.25,1.06,76.5,48.69,21.34,6.43,14257395,3359607,23.56,943.68,0.55,0.34,0.21
1.78,49.16,4.65,91.27,8.73,3741.7,0.3,0.3,0.31,3.29,3.29,3.26,1.05,0,223.73,28.31,0,0,0.09,0.6,453.16,42.84,492.54,80.53,53.64,23.21,7.73,6.43,1.03,4.15,1.25,74.29,46.8,20.96,6.48,16951641,3863684,22.79,929.99,0.6,0.39,0.21
1.68,50.28,0.46,98,2,3743.62,0.31,0.31,0.68,3.24,3.27,1.48,0.94,0,222.58,29.79,0,0,0.09,0.6,451.02,41.75,491.79,81.02,51.76,23.42,6.96,4.31,1.47,1.94,0.9,75.98,49.14,20.73,6.06,13095227,3179971,24.28,902.9,0.56,0.35,0.21
1.69,50.22,1.46,98.97,1.03,3743.28,0.3,0.3,0.11,3.36,3.3,9.25,0.93,0,224.69,28.65,0,0,0.09,0.6,443.68,42.07,489.65,80.46,50.72,24.39,7.08,3.81,0.61,2.26,0.93,77.23,49.09,21.94,6.15,15858128,3420305,21.57,975.18,0.58,0.37,0.21
1.75,51.13,1.76,98,2,3742.21,0.29,0.3,0.18,3.43,3.38,5.71,0.97,0,221.5,30.15,0,0,0.1,0.6,446.72,42.87,490.99,82.2,52.4,24.33,8.2,4.58,0.95,2.21,1.42,77.58,49.03,21.72,6.78,12429096,3084017,24.81,1029.78,0.59,0.38,0.21
1.7,50.79,1.06,99.18,0.82,3741.92,0.3,0.3,0.12,3.37,3.33,8.43,0.94,0,231.54,26.7,0,0,0.1,0.6,447.15,44.19,491.74,79.95,51.57,27.34,6.89,3.91,0.74,2.29,0.89,77.31,49.45,21.81,6,13360984,3271613,24.49,966.24,0.6,0.39,0.21
1.94,43.75,14.06,71.01,28.99,3740.64,0.33,0.31,0.39,3.05,3.25,2.56,1.32,0,232.78,19.76,0,0,0.1,0.53,336.74,33.23,445.59,108.56,41.58,42.27,20.89,27.23,1.58,20.84,4.81,76.07,38.96,21,16.08,41939082,3259404,7.77,994.94,0.6,0.39,0.21
1.65,50.4,0.02,99.92,0.08,3744.05,0.31,0.31,0.76,3.25,3.25,1.32,0.92,0,220.71,30.39,0,0,0.09,0.6,449.46,42.64,492.63,81.54,52.16,23.5,7.01,5.24,2.36,1.85,1.03,75.73,48.77,20.93,5.98,10490556,3130680,29.84,1050.39,0.63,0.42,0.21
1.71,51.7,0.61,99.59,0.41,3743.3,0.34,0.34,0.12,2.96,2.93,8.35,1.09,0,220.2,28.78,0,0,0.09,0.57,425.21,38.57,462.06,85.22,47.19,24.76,8.72,6.27,1.52,3.34,1.42,75.02,46.99,20.69,7.3,12795367,3381215,26.43,951.88,0.59,0.38,0.21
1.78,48.92,5.16,93.27,6.73,3741.98,0.29,0.3,0.21,3.43,3.33,4.87,1.01,0,222.48,29.82,0,0,0.1,0.59,441.16,43,486.89,86.18,51.02,27.9,8.99,13.99,2.24,10.18,1.58,68.71,41.31,19.95,7.41,17595671,2902945,16.5,1020.5,0.61,0.4,0.21
1.76,49.8,3.27,95.62,4.38,3745.59,0.3,0.3,0.21,3.36,3.3,4.72,1,0,222.63,29.46,0,0,0.1,0.6,440.82,43.6,487.89,92.48,50.48,31.2,11.46,6.17,1.08,2.83,2.26,79.09,48.65,21.19,9.2,16274704,3146196,19.33,990.6,0.61,0.4,0.21
1.73,50.97,1.66,97.91,2.09,3742.96,0.3,0.3,0.2,3.35,3.31,5.05,0.98,0,223.34,28.81,0,0,0.09,0.6,449,42.47,492.33,80.72,44.11,20.5,8.24,4.16,1.13,1.55,1.48,70.92,45.05,19.07,6.76,13013104,3628986,27.89,977.88,0.6,0.38,0.21
1.72,52.57,0.09,99.66,0.34,3740.42,0.34,0.34,0.67,2.94,2.95,1.5,1.1,0,221.85,29.99,0,0,0.1,0.61,455.95,45.89,491.31,81.95,52.35,23.3,7.76,4.52,1.42,1.56,1.54,77.83,49.74,21.82,6.22,11768022,3281605,27.89,980.22,0.58,0.37,0.21
1.7,51.77,0.27,99.37,0.63,3743.34,0.3,0.3,0.37,3.36,3.36,2.71,0.95,0,221.61,29.8,0,0,0.09,0.57,420.6,38.43,456.29,81.27,51.51,24.58,7.45,3.04,0.52,1.38,1.14,77.54,49.53,21.66,6.31,13233224,3196035,24.15,962.65,0.6,0.38,0.21
1.69,51.34,0.07,99.93,0.07,3743.63,0.3,0.3,0.15,3.39,3.38,6.77,0.92,0,220.71,30.35,0,0,0.09,0.61,451.98,42.93,492.77,84.06,51.84,24.61,7.73,3.66,0.92,1.39,1.35,77.29,49.27,21.6,6.38,12351724,3128154,25.33,1005.31,0.57,0.36,0.21
1.71,51.42,0.74,98.95,1.05,3743.55,0.29,0.3,0.22,3.4,3.38,4.59,0.95,0,220.68,30.37,0,0,0.09,0.6,450.18,42.06,491.82,80.44,52.11,26.32,6.94,2.53,0.38,1.14,1,77.45,49.59,21.88,5.93,11601975,3375794,29.1,977.62,0.58,0.36,0.21
1.72,51.89,0.58,99.43,0.57,3743.39,0.34,0.34,0.17,2.95,2.94,5.73,1.1,0,220.65,30.32,0,0,0.09,0.6,449.42,42.62,491.86,80.6,51.73,25.19,6.87,5.73,2.29,2.56,0.88,75.38,48.72,20.63,5.98,11036381,3195036,28.95,994.15,0.59,0.38,0.21
1.67,50.51,0.08,99.82,0.18,3746.93,0.31,0.31,0.36,3.25,3.25,2.8,0.93,0,220.88,30.3,0,0,0.1,0.6,443.91,46.1,493.2,79.31,50.5,23.45,6.79,2.57,0.41,1.23,0.93,77.19,49.6,21.68,5.86,11976349,3327505,27.78,993.89,0.6,0.39,0.21
1.78,49.86,4.18,95.29,4.71,3742.22,0.29,0.3,0.18,3.44,3.33,5.66,1.01,0,221.46,29.77,0,0,0.1,0.6,448.96,42.87,491.99,80.3,50.59,25.46,7.38,9.36,1.34,6.88,1.14,68.89,42.42,20.19,6.24,13344391,3261194,24.44,950.4,0.59,0.38,0.21
1.71,50.69,1.64,95.86,4.14,3741.32,0.31,0.3,0.41,3.25,3.29,2.46,0.99,0,224.55,28.08,0,0,0.1,0.52,370.52,38.75,481.18,82.47,50.51,23.48,7.17,6,1.22,3.55,1.23,77.73,49.83,21.92,5.94,15734435,3853856,24.49,1020.74,0.59,0.38,0.21
1.72,50.62,1.69,98.65,1.35,3742.78,0.3,0.3,0.12,3.38,3.32,8.11,0.96,0,222.38,29.85,0,0,0.1,0.59,434.6,43.15,485.77,80.76,51.25,25.34,7.65,3.46,0.79,1.38,1.29,77.02,49.49,21.12,6.37,12356207,3222473,26.08,973.48,0.6,0.39,0.21
1.68,50.43,0.53,99.49,0.51,3744.02,0.3,0.31,0.15,3.28,3.26,6.6,0.94,0,220.76,30.08,0,0,0.1,0.6,450.05,42.92,490.8,83.99,51.59,24.47,8.23,6.12,2.09,2.48,1.55,77.88,49.69,21.47,6.68,12884147,3424845,26.58,969.2,0.6,0.39,0.21
1.68,50.69,0.58,98.93,1.07,3744.11,0.3,0.31,0.29,3.28,3.28,3.47,0.94,0,220.39,30.18,0,0,0.09,0.6,450.83,41.62,491.79,82.27,51.5,23.37,8.01,4.34,1.44,1.53,1.38,78.21,49.65,21.88,6.63,11754613,3338427,28.4,995.43,0.57,0.36,0.21
1.72,50.31,2.07,98.28,1.72,3742.31,0.29,0.3,0.13,3.42,3.34,7.84,0.95,0,220.72,30.39,0,0,0.09,0.6,449.19,42.2,491.77,84.69,51.65,24.2,7.97,9.11,2.83,5.04,1.25,64.64,39.96,17.92,6.72,13172663,3097973,23.52,1058.18,0.62,0.41,0.21
1.68,50.94,0.03,99.84,0.16,3746.74,0.3,0.3,0.79,3.31,3.32,1.26,0.93,0,220.17,30.1,0,0,0.1,0.61,455.67,45.25,493.28,80.34,43.02,27.9,8.62,7.92,2.24,3.13,2.55,74.57,46.95,21.51,6.07,13207949,3211892,24.32,1016.85,0.6,0.39,0.21
1.7,51.12,0.78,97.2,2.8,3744.4,0.31,0.3,0.57,3.25,3.29,1.75,0.98,0,221.4,29.74,0,0,0.1,0.59,432.78,42.95,485.07,81.33,52.2,23.27,6.98,6.55,1.08,4.47,1,76.86,48.83,22,5.98,13461319,3205992,23.82,999.07,0.58,0.37,0.21
1.66,50.62,0.16,99.45,0.55,3743.13,0.31,0.31,0.53,3.25,3.26,1.87,0.93,0,220.45,30.19,0,0,0.1,0.6,453.76,45.11,493.15,85.27,50.03,23.64,8.76,3.72,0.96,1.27,1.49,78.5,49.34,21.83,7.28,12101320,3235908,26.74,979.05,0.56,0.35,0.21
1.69,50.12,1.53,99.22,0.78,3743.87,0.3,0.3,0.08,3.37,3.29,12.82,0.93,0,220.54,30.28,0,0,0.1,0.6,450.64,43.02,490.07,80.52,52.34,23.35,6.77,3.19,0.96,1.44,0.79,77.05,49.45,21.58,5.98,12699544,3222804,25.38,978.4,0.59,0.38,0.21
1.67,50.25,0.72,99.46,0.54,3743.63,0.3,0.31,0.12,3.28,3.25,8.49,0.93,0,221.62,29.34,0,0,0.1,0.57,412.52,39.51,472.68,81.91,49.87,25.93,6.99,6.28,1.81,3.46,1.01,77.02,49.44,21.56,5.98,12739933,3233580,25.38,1054.9,0.58,0.37,0.21
1.7,50.66,0.94,99.21,0.79,3742.89,0.3,0.3,0.13,3.35,3.32,7.7,0.94,0,222.53,29.54,0,0,0.1,0.6,446.34,43.79,491.4,81.08,52.12,23.4,6.99,4.19,0.65,2.56,0.97,75.54,48.28,21.2,6.02,13251618,3284627,24.79,994.14,0.57,0.36,0.21
1.74,50.64,2.22,98.12,1.88,3743.86,0.34,0.35,0.15,2.91,2.84,6.49,1.13,0,220.61,30.35,0,0,0.09,0.55,376.34,34.64,440.78,85.92,51.77,25.27,11.42,6.06,1.24,1.51,3.32,78.98,49.1,21.73,8.1,15362103,3267281,21.27,1060.97,0.8,0.59,0.21
1.67,50.71,0.01,99.92,0.08,3748.19,0.3,0.3,0.88,3.28,3.28,1.14,0.93,0,220.93,30.05,0,0,0.1,0.6,451.18,44.32,493.44,79.7,50.28,23.39,6.8,3.22,0.84,1.32,1.05,77.05,49.6,21.66,5.75,10654794,3133897,29.41,1043.81,0.62,0.41,0.21
1.68,51.04,0.2,99.16,0.84,3742.83,0.31,0.31,0.65,3.24,3.25,1.54,0.96,0,220.74,30.41,0,0,0.1,0.6,449.53,43.01,492.61,79.25,51.6,23.23,6.73,3.36,1.01,1.4,0.95,77.47,49.87,21.76,5.79,10854212,3286252,30.28,993.47,0.58,0.37,0.21
1.67,51.22,0.04,99.86,0.14,3742.04,0.3,0.3,0.57,3.3,3.3,1.74,0.93,0,220.68,30.26,0,0,0.1,0.6,451.42,43.26,492.56,81.85,52.33,23.35,7.45,3.26,0.59,1.45,1.22,77.18,49.19,21.71,6.23,11661756,3083568,26.44,1013.2,0.6,0.39,0.21
1.69,51.41,0,100,0,3743.59,0.34,0.34,0,2.92,2.92,0,1.07,0,221.19,30.18,0,0,0.09,0.6,451.43,42.83,492.83,82.66,51.87,23.35,8.35,3.62,0.85,1.31,1.46,78.34,49.59,21.82,6.89,11836197,3174484,26.82,989.35,0.59,0.38,0.21
1.67,50.67,0.08,99.86,0.14,3742.63,0.3,0.3,0.28,3.29,3.29,3.53,0.93,0,220.63,30.38,0,0,0.09,0.58,427.36,38.6,465.52,81.41,51.95,24.26,6.77,5.39,2.51,1.86,1.02,75.62,48.9,20.94,5.75,12926521,3257552,25.2,1002.15,0.62,0.41,0.21
1.68,50.43,0.27,99.73,0.27,3743.96,0.3,0.3,0.15,3.3,3.29,6.53,0.93,0,220.72,30.4,0,0,0.09,0.6,448.69,42.23,491.37,81.23,52,23.28,7.07,4.27,0.95,2.32,1,74.75,47.53,21.1,6.07,12029546,3143761,26.13,990.78,0.57,0.36,0.21
1.66,50.69,0,100,0,3743.34,0.31,0.31,0,3.27,3.27,0,0.92,0,221.75,30.14,0,0,0.09,0.6,446.57,41.94,485.46,80.88,53.55,23.42,6.82,5.8,2.06,2.82,0.92,76.01,48.86,21.21,5.9,11018092,3033229,27.53,996.28,0.64,0.42,0.21
1.68,50.36,0.21,99.52,0.48,3747.61,0.31,0.31,0.36,3.27,3.27,2.77,0.93,0,220.64,30.22,0,0,0.1,0.61,453.45,44.62,492.29,81.75,51.05,23.57,7.2,3.42,0.56,1.82,1.05,76.29,48.44,21.65,6.16,11748909,3381379,28.78,1010.02,0.57,0.35,0.21
1.7,51.75,0.18,99.58,0.42,3743.66,0.31,0.31,0.37,3.27,3.28,2.7,0.97,0,220.5,30.25,0,0,0.1,0.59,430.2,40.91,485.65,79.42,51.86,23.29,6.64,2.82,0.69,1.25,0.89,76.86,49.34,21.72,5.75,10746053,3077765,28.64,951.54,0.58,0.37,0.21
1.71,52.28,0.1,99.76,0.24,3741.87,0.34,0.34,0.45,2.94,2.94,2.21,1.09,0,220.64,30.39,0,0,0.1,0.6,450.82,44.65,492.6,85.92,51.69,28.82,8.85,4.58,0.74,2.1,1.74,78.66,49.61,21.91,7.1,14191950,3270505,23.04,979.43,0.64,0.43,0.21
1.72,49.01,3.68,93.62,6.38,3741.96,0.31,0.31,0.28,3.27,3.25,3.58,1,0,221.33,29.56,0,0,0.09,0.6,448.77,42.29,489.13,86.63,51.97,33.08,9.19,12.74,1.25,10.06,1.43,77.95,47.7,22.45,7.76,16630512,3288369,19.77,984.72,0.61,0.39,0.21
1.7,50.7,1.01,97.19,2.81,3744.19,0.3,0.3,0.43,3.3,3.33,2.3,0.95,0,221.24,29.99,0,0,0.1,0.6,445.75,43.04,492.38,83.73,53.27,25,13.38,6.55,1.24,1.51,3.8,79.68,49.16,20.9,9.58,13693610,3390354,24.76,996.15,0.57,0.36,0.21
1.74,49.59,3.57,97.08,2.92,3742.93,0.29,0.3,0.13,3.43,3.3,7.9,0.97,0,220.5,29.87,0,0,0.1,0.6,448.06,42.8,491.19,83.56,51.45,23.31,8.05,3.02,0.43,1.27,1.32,78.23,49.72,21.73,6.73,13058655,3337755,25.56,995.96,0.59,0.37,0.21
1.67,50.54,0.12,99.33,0.67,3744.14,0.31,0.31,0.86,3.25,3.26,1.16,0.94,0,221.43,30.16,0,0,0.09,0.6,451.79,42.49,492.49,80.98,51.33,24.96,6.92,5.26,2.12,2.24,0.91,74.78,47.91,20.81,6.01,11611984,3284452,28.29,979.37,0.61,0.4,0.21
1.73,49.99,1.87,95.82,4.18,3745.68,0.3,0.3,0.35,3.3,3.32,2.84,0.98,0,220.71,30.36,0,0.01,0.1,0.6,440.74,45.66,490.65,81.1,50.95,24.77,6.95,8.67,0.73,6.97,0.97,68.76,42.5,20.24,5.97,13576494,3174666,23.38,972.5,0.61,0.4,0.21
1.73,50.99,1.28,97.37,2.63,3743.58,0.3,0.3,0.32,3.33,3.33,3.1,0.98,0,224.61,28.53,0,0,0.1,0.6,434.88,43.78,489.7,81.27,52.45,24.04,7.06,6,1.21,3.77,1.02,76.03,48.98,20.97,6.04,13488106,3305405,24.51,949.63,0.61,0.4,0.21
1.66,51,0.14,99.65,0.35,3742,0.31,0.31,0.4,3.24,3.24,2.47,0.94,0,221.02,30.2,0,0,0.1,0.6,451.13,44.68,491.9,82.38,52.71,23.4,7.53,3.62,0.67,1.8,1.15,76.49,48.63,21.44,6.38,11121296,3048070,27.41,1039.72,0.59,0.37,0.21
1.71,51.19,0.75,98.87,1.13,3741.92,0.3,0.3,0.24,3.31,3.3,4.2,0.96,0,220.55,30.3,0,0,0.1,0.59,431.91,41.65,483.69,80.03,51.82,23.28,6.85,5.26,0.71,3.68,0.87,77.34,49.46,21.86,5.98,11222349,3212173,28.62,1003.05,0.6,0.38,0.21
1.67,50.79,0.22,99.43,0.57,3742.75,0.31,0.3,0.41,3.27,3.28,2.47,0.93,0,221.36,30.22,0,0,0.1,0.61,452.62,43.45,492.77,79.17,52.31,23.35,7.47,5.35,1.85,2.06,1.44,75.21,48.6,20.55,6.02,11124373,3212304,28.88,978.79,0.6,0.39,0.21
1.69,51.13,0.09,99.25,0.75,3743.75,0.31,0.3,1.27,3.26,3.28,0.79,0.95,0,220.15,28.98,0,0,0.09,0.6,448.53,42.18,490.86,81.53,45.41,24.89,7.15,6.36,1.26,4.07,1.03,74.6,47.45,20.99,6.12,12367909,3313107,26.79,944.91,0.62,0.41,0.21
1.73,49.7,2.85,95.38,4.62,3741.86,0.3,0.3,0.25,3.35,3.32,3.93,0.97,0,220.6,30.3,0,0,0.09,0.6,451.41,42.52,492.28,69.33,50.77,24.33,6.31,6.21,1.89,3.28,1.05,75.16,48.56,21.29,5.26,13848726,3619706,26.14,970.84,0.6,0.39,0.21
1.71,50.13,1.72,98.38,1.62,3747.12,0.3,0.3,0.15,3.36,3.3,6.88,0.95,0,220.56,29.97,0,0,0.1,0.6,446.57,42.46,489.25,83.55,51.27,23.64,7.4,3.03,0.56,1.23,1.25,77.36,49.41,21.75,6.15,12895367,3506789,27.19,974.73,0.57,0.36,0.21
1.71,51.6,0.56,96.74,3.26,3743.89,0.31,0.3,0.93,3.25,3.32,1.07,0.99,0,220.74,30.4,0,0,0.1,0.59,429.88,41.57,483.94,82.28,51.57,23.36,8.63,4.53,0.96,1.96,1.61,76.03,48.4,20.57,7.02,12091891,3218498,26.62,939.16,0.58,0.37,0.21
1.71,49.82,2.8,97.67,2.33,3739.82,0.3,0.31,0.13,3.36,3.26,7.68,0.96,0,223.81,29.28,0,0,0.1,0.6,438.42,41.65,488.32,80.23,44.53,30.35,10.12,8.38,2.37,4.06,1.96,79.9,49.84,21.85,8.17,19039701,3073508,16.14,959.24,0.6,0.39,0.21
1.71,49.75,1.97,98.08,1.92,3743.9,0.3,0.3,0.15,3.38,3.32,6.69,0.94,0,241.9,26.43,0,0,0.09,0.54,401,34.43,438.06,70.48,41.29,21.99,8.57,6.67,2.19,3.61,0.88,65.4,39.47,18.2,7.69,13804229,3665425,26.55,815.19,0.56,0.35,0.21
1.71,51.49,0.24,99.84,0.16,3743.64,0.34,0.34,0.11,2.94,2.94,8.71,1.08,0,221.96,29.75,0,0,0.1,0.6,449.88,42.95,491.59,81.86,52.05,23.39,7.07,4.22,1.53,1.61,1.08,76.29,49.38,20.88,5.99,12047963,3184695,26.43,1056.93,0.59,0.38,0.21
1.72,50.04,2.37,98.16,1.84,3741.8,0.29,0.3,0.12,3.43,3.34,8.42,0.94,0,222.56,29.72,0,0,0.1,0.6,447.05,42.94,490.18,88.34,51.62,25.35,9.78,4.65,0.86,2.01,1.79,79.27,49.31,21.92,8,15327126,3178824,20.74,1015.37,0.56,0.35,0.21
1.7,50.57,1.49,97.39,2.61,3742.77,0.31,0.31,0.28,3.27,3.27,3.59,0.97,0,221.3,29.54,0,0,0.1,0.6,441.1,42.06,490.08,89.61,49.58,28.09,10.82,9,1.75,5.23,2.02,79.22,48.53,21.85,8.8,14544418,3200218,22,1008.15,0.59,0.38,0.21
1.71,50.53,1.34,99,1,3745.78,0.29,0.3,0.11,3.4,3.34,8.78,0.94,0,220.64,30.27,0,0,0.09,0.6,448.05,42.21,492.32,80.27,52.37,23.23,6.88,6.98,2.66,3.51,0.81,77.73,49.93,21.69,6.06,11635319,3111419,26.74,966.15,0.61,0.4,0.21
1.71,50.43,1.77,90.64,9.36,3742.1,0.32,0.3,0.89,3.11,3.32,1.13,1.03,0,221,29.91,0,0,0.1,0.6,441.61,42.16,489.52,83.58,50.87,28.39,10.81,8.54,1.65,3.65,3.24,74.44,46.17,20.65,7.58,16313918,3360432,20.6,958.98,0.66,0.45,0.21
1.77,49.89,3.86,93.47,6.53,3742.99,0.33,0.34,0.3,2.99,2.97,3.3,1.14,0,223.03,27.85,0,0,0.09,0.52,374.38,34.74,486.77,89.94,51.52,26.84,15.73,10.32,1.04,4.45,4.84,81.86,48.91,22.01,10.89,16370905,3278700,20.03,960.25,0.65,0.44,0.21
1.69,50.68,0.84,98.88,1.12,3743.36,0.3,0.3,0.21,3.32,3.3,4.83,0.94,0,220.39,30.28,0,0,0.1,0.6,450.98,45.19,491.85,81.15,51.6,23.29,6.98,2.86,0.71,1.2,0.95,76.93,49.52,21.34,6.02,11395848,3257692,28.59,896.53,0.57,0.36,0.21
1.74,48.65,4.11,96.75,3.25,3744.05,0.29,0.3,0.12,3.45,3.29,8.26,0.95,0,223.01,29.71,0,0,0.1,0.59,434.66,41.66,486.65,92.47,50.5,30.54,11.9,10.24,2.44,5.38,2.42,72.31,41.68,21.11,9.48,19070283,3263728,17.11,1010.26,0.56,0.35,0.21
1.79,48.3,6.03,71.64,28.36,3742.85,0.37,0.3,0.95,2.69,3.33,1.05,1.3,0,229.16,19.47,0,0,0.1,0.56,392.13,38.56,468.48,91.99,41.81,28.9,14.53,11.67,1.38,6.54,3.75,69.43,39.95,18.66,10.78,21892429,2925949,13.37,1012.47,0.57,0.36,0.21
1.95,44.49,13.68,74.41,25.59,3740.44,0.31,0.3,0.34,3.2,3.29,2.94,1.27,0,231.36,22.37,0,0,0.1,0.51,324.07,31.31,441.18,88.06,36.18,38.24,16.16,22.2,1.96,16.21,4.04,64.06,33.38,18.52,12.12,39448076,3181905,8.07,960.31,0.6,0.39,0.21
1.92,46.61,10.16,88.79,11.21,3743.75,0.32,0.34,0.2,3.17,2.93,5.06,1.23,0,228.71,28.12,0,0,0.1,0.58,405.25,41.2,479.41,112.69,46.38,46.04,19.89,27.82,1.26,21.89,4.67,84.89,45.15,24.49,15.21,37685847,3128208,8.3,989.95,0.61,0.4,0.21
1.7,49.22,2.77,97.76,2.24,3743.29,0.3,0.31,0.13,3.36,3.25,7.98,0.95,0,222.41,29.81,0,0,0.09,0.57,420.83,38.66,455.36,86.51,50.92,27.39,9.33,7.83,1.2,5,1.64,77.88,48.24,21.91,7.69,16399589,3227248,19.68,929.49,0.57,0.36,0.21
1.68,50.35,0.97,98.96,1.04,3742.29,0.3,0.3,0.17,3.32,3.29,6.06,0.93,0,218.15,28.33,0,0,0.1,0.61,452.36,43.55,492.02,81.65,52.94,23.45,7.02,3.19,0.85,1.37,0.97,77.37,49.5,21.78,6.05,11660010,3225563,27.66,998.53,0.58,0.37,0.21
1.69,50.71,0.95,98.11,1.89,3743.44,0.3,0.3,0.31,3.32,3.32,3.23,0.95,0,220.66,30.38,0,0,0.1,0.6,444.3,42.32,490.2,85.19,52.32,23.37,10.04,4.35,0.99,1.33,2.03,79.37,49.61,21.7,8.02,11468940,3012402,26.27,976.9,0.57,0.36,0.21
1.76,50.89,2.51,90.64,9.36,3742.53,0.35,0.33,0.69,2.88,3.03,1.45,1.17,0,220.63,30.34,0,0,0.1,0.59,427.38,41.35,482.14,82.35,51.45,26.26,7.59,9.09,2.36,5.56,1.17,75.97,48.46,21.05,6.42,15138073,3272199,21.62,929.19,0.58,0.37,0.21
1.67,50.63,0.37,99.38,0.62,3743,0.31,0.31,0.26,3.26,3.26,3.8,0.94,0,221.23,29.94,0,0,0.09,0.59,436.67,41.25,479.31,81.29,52.76,23.49,7.1,2.93,0.68,1.31,0.93,77.69,49.54,21.93,6.17,12449177,3153161,25.33,971.13,0.64,0.43,0.21
1.71,49.48,2.61,97.77,2.23,3743.28,0.3,0.3,0.13,3.38,3.28,7.61,0.95,0,225.31,27.07,0,0,0.1,0.6,449.02,43.12,492.1,76.1,51.85,23.21,7.68,4.25,1.23,1.51,1.51,77.46,49.76,21.49,6.16,14356292,3108044,21.65,972.78,0.57,0.35,0.21
1.69,50.36,0.96,96,4,3746.22,0.31,0.3,0.67,3.22,3.29,1.5,0.97,0,223.45,29.08,0,0,0.1,0.6,452.23,44.84,491.62,81.98,49.64,23.22,7.79,4.61,0.44,2.65,1.52,77.73,49.42,21.99,6.27,14884097,3536767,23.76,958.05,0.57,0.36,0.21
1.76,50.59,2.92,96.96,3.04,3741.66,0.29,0.3,0.16,3.45,3.37,6.2,0.98,0,220.72,30.36,0,0,0.1,0.59,425.89,40.68,481.76,82.34,53.01,24.16,7.09,6.23,1.6,3.55,1.08,69.29,44.28,18.95,6.01,12446050,3183611,25.58,969.78,0.57,0.36,0.21
1.69,49.81,2.04,98.43,1.57,3743.9,0.3,0.31,0.12,3.33,3.25,8.33,0.95,0,221,30.26,0,0,0.09,0.56,400.67,36.5,456.01,86.6,50.49,27.71,9.37,9.07,0.92,6.39,1.76,78.28,48.59,22.03,7.61,14585010,3314250,22.72,978.05,0.56,0.35,0.21
1.66,50.81,0.13,99.88,0.12,3742.51,0.31,0.31,0.15,3.27,3.26,6.74,0.93,0,222.17,29.47,0,0,0.1,0.6,446.99,42.69,490.57,83.79,52.25,23.41,8.18,10.08,1.39,7.37,1.31,69.27,42.26,20.1,6.87,12514940,3261620,26.06,948.24,0.57,0.36,0.21
1.65,50.3,0.01,99.99,0.01,3744.13,0.31,0.31,0.13,3.24,3.24,7.68,0.92,0,234.1,26.05,0,0,0.09,0.6,450.53,42.66,492.78,80.83,52.8,26.26,6.72,6.43,0.81,4.77,0.84,75.45,48.19,21.34,5.88,11891531,3096846,26.04,956.18,0.57,0.35,0.21
1.69,51.02,0.67,99.43,0.57,3743.78,0.3,0.3,0.13,3.37,3.35,7.73,0.93,0,220.96,28.92,0,0,0.1,0.61,453.8,44.62,493.86,78.76,43.85,27.64,7.96,4.34,0.68,1.42,2.24,77.01,49.47,21.77,5.72,12913418,3124339,24.19,970.38,0.63,0.42,0.21
1.69,50.73,0.54,99.03,0.97,3743.4,0.31,0.31,0.28,3.25,3.25,3.55,0.96,0,220.74,30.37,0,0,0.09,0.56,417.37,36.4,455.37,88.83,53.38,24.37,10.04,6.72,1.76,3.08,1.89,78.66,49.1,21.36,8.15,12037005,3203466,26.61,982.9,0.58,0.36,0.21
1.74,49.75,2.89,95.27,4.73,3745.42,0.3,0.3,0.26,3.36,3.34,3.9,0.98,0,220.68,30.4,0,0,0.1,0.6,451.67,43.16,492.05,86.8,51.33,26,9.62,11.81,1.12,8.96,1.73,70.22,42,20.29,7.89,12096146,3141160,25.97,952.56,0.61,0.4,0.21
1.7,51.73,0.26,99.46,0.54,3744.21,0.3,0.3,0.33,3.31,3.31,3.06,0.96,0,221.22,30.18,0,0,0.1,0.6,448.71,42.92,491.33,81.56,44.63,20.68,8.24,5.47,1.55,2.36,1.57,69.84,44.21,18.92,6.67,12008032,3308781,27.55,982.76,0.67,0.45,0.21
1.67,50.38,0.56,99.35,0.65,3743.48,0.31,0.31,0.18,3.27,3.26,5.51,0.93,0,220.8,30.31,0,0,0.1,0.6,450.94,44.53,492.15,80.45,44.71,27.74,6.95,2.38,0.28,1.18,0.91,77.26,49.31,21.87,6.04,12642312,3098737,24.51,941.9,0.58,0.37,0.21
1.67,50.28,0.58,99.47,0.53,3743.51,0.31,0.31,0.14,3.27,3.25,7.02,0.93,0,221.71,29.23,0,0,0.09,0.6,449.97,42.57,492.51,80.02,51.72,23.4,7.43,2.98,0.49,1.2,1.29,77.1,49.06,21.85,6.14,13474450,3666699,27.21,991.95,0.58,0.37,0.21
1.66,49.85,0.78,99.43,0.57,3742.93,0.31,0.31,0.11,3.26,3.23,8.87,0.92,0,220.72,30.33,0,0,0.1,0.6,447.6,43.42,486.54,80.93,50.57,24.22,6.8,4.19,1.14,2.12,0.93,73.52,47.49,20.12,5.87,12253027,3162663,25.81,913.43,0.57,0.35,0.21
1.68,50.21,0.6,99.5,0.5,3744.17,0.3,0.31,0.13,3.3,3.27,7.79,0.93,0,221.62,30.08,0,0,0.1,0.59,434.51,41.92,484.7,80.21,51.38,23.36,7.48,4.21,1.03,1.88,1.3,76.25,48.71,21.32,6.18,11433568,3175762,27.78,975.21,0.57,0.35,0.21
1.67,50.32,0.02,99.91,0.09,3744.77,0.31,0.31,0.7,3.19,3.19,1.42,0.95,0,222.3,29.07,0,0,0.09,0.6,449.84,42.34,492.96,78.32,52.31,23.44,7.89,8.42,1.84,4.87,1.71,74.26,46.98,21.06,6.18,11265145,3260364,28.94,928.48,0.64,0.42,0.21
1.84,50.49,5.38,86.57,13.43,3734.94,0.37,0.36,0.52,2.69,2.81,1.93,1.37,0,241.3,26.72,0,0,0.1,0.6,451.99,44.24,492.45,86.08,52.02,27.8,10.17,9.69,1.34,6.14,2.21,76.78,47,21.77,7.96,15227494,3481452,22.86,868.34,0.61,0.4,0.21
1.75,50.61,2.84,95.16,4.84,3743.07,0.34,0.34,0.31,2.97,2.95,3.25,1.14,0,222.96,28.97,0,0,0.1,0.59,429.27,40.78,484.09,81.22,50.62,30.61,7.75,4.14,1.13,1.38,1.62,76.22,49.22,20.83,6.13,17174458,3308376,19.26,980.03,0.58,0.37,0.21
1.7,49.52,2.48,97.51,2.49,3743.44,0.3,0.3,0.16,3.36,3.28,6.41,0.95,0,220.77,30.34,0,0,0.09,0.6,450.81,42.66,492.33,82.25,51.53,27.49,7.4,3.11,0.72,1.29,1.1,77.27,49.28,21.65,6.3,14755818,3204625,21.72,934.26,0.6,0.38,0.21
1.66,50.78,0.13,99.85,0.15,3743.03,0.3,0.3,0.17,3.29,3.29,5.92,0.93,0,221.06,30.21,0,0,0.1,0.6,447.31,42.54,490.59,81.96,49.21,28.68,7.6,6.2,1.02,4.01,1.16,77.18,48.81,21.88,6.44,13338604,3304270,24.77,899.92,0.56,0.35,0.21
1.71,49.4,2.86,94.96,5.04,3742.89,0.31,0.31,0.28,3.24,3.22,3.52,0.99,0,221.47,30.09,0,0,0.09,0.6,444.91,41.68,487.75,85.69,51.11,23.83,8.45,4.56,1.54,1.48,1.54,77.86,49.45,21.44,6.92,15012273,3060631,20.39,1218.76,0.6,0.38,0.21
1.69,50.11,1.61,98.68,1.32,3743.43,0.3,0.31,0.13,3.31,3.25,7.84,0.95,0,220.97,29.6,0,0,0.1,0.6,450.93,44.07,493.23,82.82,50.75,23.49,7.69,2.57,0.32,1.09,1.16,78.25,49.76,21.91,6.53,12708221,3175562,24.99,926.88,0.54,0.33,0.21
1.7,50.38,1.19,98.4,1.6,3743.33,0.3,0.31,0.21,3.28,3.26,4.71,0.96,0,221.38,30.02,0,0,0.09,0.58,436.3,40.33,476.49,86.64,50.61,26.56,9.67,4.61,1.32,1.46,1.83,79.17,49.58,21.7,7.84,12848789,3566316,27.76,938.47,0.58,0.36,0.21
1.69,51.11,0.63,99.21,0.79,3737.98,0.3,0.31,0.2,3.28,3.27,5.07,0.96,0,221.16,29.78,0,0,0.1,0.6,447.36,42.98,492.4,81.19,44.76,24.12,7.25,9.34,0.7,7.53,1.11,67.34,41.23,19.93,6.14,14349065,3741052,26.07,699.69,0.61,0.39,0.21
1.67,50.58,0.53,99.05,0.95,3743.65,0.31,0.31,0.29,3.19,3.19,3.49,0.96,0,220.76,30.34,0,0,0.09,0.58,419.31,39.06,481.95,80.79,48.86,24.13,7.14,2.86,0.62,1.18,1.06,77.17,49.18,21.86,6.08,14441387,3483930,24.12,924.45,0.57,0.36,0.21
,,,,,3743.113567,,,,,,,,,,,,,,,,,,,,,,,,,,,,,,,,,,,,
